{"type":"FeatureCollection","features":[{"type":"Feature","properties":{"ten_tinh":"An Giang","density":611},"geometry":{"type":"Polygon","coordinates":[[[192.0319818967435,609.8380983809839],[192.1097071392182,612.4381243812439],[195.43776070336102,616.5341653416535],[197.26783686708288,617.0381703817039],[196.9216062415139,619.2061920619207],[199.79037428194275,619.2941929419295],[199.20390199781568,621.4382143821439],[200.6948134671026,626.0942609426095],[205.93066843744197,628.0062800628007],[207.53463480487386,627.4382743827439],[209.01141441189267,628.358283582836],[210.34687539623025,630.9983099831],[210.40340284530274,633.0623306233064],[208.02924998425814,634.5023450234503],[206.63019561971404,638.0143801438015],[203.37986729804587,639.1583915839159],[204.08646041145198,640.7664076640767],[199.0696493062685,642.4704247042471],[197.395023627496,640.4064040640408],[194.06697006335315,643.6784367843679],[192.84456397716056,644.9104491044911],[189.0430930270356,641.5744157441575],[183.10064494329012,638.2223822238224],[176.58585643768564,636.6623666236663],[172.4381548619917,630.2783027830279],[172.44522079312577,628.7582875828759],[176.67064761129438,628.6542865428655],[178.11916349377694,627.4462744627447],[181.21404133049575,622.6702267022671],[187.51685190207837,618.8941889418895],[186.00474263938926,616.2861628616287],[185.9058196035124,614.4621446214463],[184.52796303237048,611.6701167011671],[185.44653407979843,608.9820898208983],[186.77492913300196,607.6060760607606],[188.4566207429085,607.4780747807479],[187.7500276295024,609.3820938209383],[192.0319818967435,609.8380983809839]]]}},{"type":"Feature","properties":{"ten_tinh":"Bà Rịa - Vũng Tàu","density":551},"geometry":{"type":"MultiPolygon","coordinates":[[[[262.46518344106596,713.3351333513336],[261.1014587321921,716.2151621516216],[259.3844374666152,717.3831738317384],[260.0203712686807,719.0231902319024],[258.4517345569192,718.7271872718728],[257.5190316472231,717.1511715117152],[259.0240749787781,715.0711507115072],[262.46518344106596,713.3351333513336]]],[[[285.6767672164571,631.8943189431895],[284.1081305046955,633.7103371033711],[284.2565150585108,631.8543185431855],[285.6767672164571,631.8943189431895]]],[[[302.61380414480186,616.6061660616607],[305.5673633588395,623.9662396623967],[305.7652094305932,626.3342633426336],[303.1154852553202,629.3982939829399],[300.7483983254097,629.9102991029911],[299.62491527509394,631.2143121431216],[294.7352909303236,631.5103151031511],[290.743039839579,635.4463544635447],[288.9200296069912,634.2943429434296],[287.10408530553747,634.4943449434495],[283.55698787623874,636.6463664636648],[282.5041641372636,638.2063820638207],[281.4301426048863,636.6943669436695],[283.6205812564453,634.1823418234184],[285.1821520370728,633.8143381433815],[285.7898221146021,631.2463124631247],[283.4651307714959,630.7983079830799],[284.0657349178912,632.3663236632367],[282.41937296365484,633.0303303033031],[280.47624190178806,630.9103091030911],[278.1939461454863,631.0463104631048],[279.0983853306461,628.5262852628528],[279.70605540817536,625.2702527025272],[278.33526476816746,623.3822338223383],[280.4055825904474,622.1582215822159],[283.0341089723182,622.3422234222343],[284.81472361810165,620.7662076620767],[284.9913718964532,617.8461784617847],[287.45738186224054,616.5901659016591],[292.79922579959083,617.4221742217424],[292.7497642816524,620.6942069420695],[295.2723016965123,621.1182111821118],[295.7951806004328,618.5741857418575],[300.03473928086953,615.0541505415055],[302.61380414480186,616.6061660616607]]]]}},{"type":"Feature","properties":{"ten_tinh":"Bắc Giang","density":426},"geometry":{"type":"Polygon","coordinates":[[[239.56450063557347,88.7448874488745],[238.82257786649703,89.1528915289153],[238.80138007309483,93.3049330493305],[242.40500495146608,94.7609476094761],[244.47532277374603,94.32894328943291],[244.23508111518794,96.22496224962251],[246.27006928179756,96.44896448964491],[246.34072859313818,98.48098480984811],[248.8350022834618,99.15299152991531],[250.07860616305658,97.51297512975131],[253.09575875730073,96.95296952969531],[255.59003244762434,93.9849398493985],[254.9611645766929,92.7129271292713],[258.0277786888755,88.8568885688857],[262.6842273062218,88.5048850488505],[264.0974135330341,90.2489024890249],[266.72593991490487,91.8809188091881],[268.20271952192365,90.1209012090121],[271.02202604441413,90.95290952909531],[272.06071792112107,92.2249222492225],[271.06442163121847,94.21694216942171],[273.18420097143684,94.3689436894369],[274.244090641546,97.34497344973451],[277.6640013104317,96.9129691296913],[277.9607704180622,100.90500905009051],[279.9674948601356,102.58502585025852],[279.5859345788963,103.69703697036972],[277.1835179933155,104.59304593045931],[277.4520233764098,107.36907369073693],[275.3746396229958,110.24910249102493],[274.40660705762946,109.51309513095133],[271.82047626256303,109.92109921099212],[270.3083669998739,109.34509345093453],[268.5136204918224,111.23311233112332],[261.2215795614711,109.80109801098013],[259.83665705919515,110.16110161101612],[256.60752653092914,109.05709057090573],[254.66439546906233,107.51307513075132],[250.94771569254613,107.23307233072332],[247.23810184716396,110.39310393103932],[245.6835969976705,109.04909049090492],[246.14994845251854,111.28911289112892],[245.01939947106874,112.59312593125932],[242.6947081279626,110.09710097100972],[238.87203938443545,109.64109641096412],[237.11262253205422,107.88107881078813],[236.43429314318433,108.80908809088092],[230.41411981696416,105.60105601056011],[229.70046077242398,107.56107561075612],[227.75026377942308,106.58506585065852],[227.42523094725627,104.02504025040251],[225.81419864869028,102.47302473024732],[226.4289346573536,100.04900049000491],[227.71493412375276,100.26500265002652],[228.8596149674707,97.1449714497145],[231.9191631485192,99.09699096990971],[232.91545943842183,96.7929679296793],[232.72467929780217,93.0809308093081],[232.74587709120436,93.0569305693057],[233.38887682440395,91.3849138491385],[232.23713004955195,90.8569085690857],[234.51235987471966,88.0408804088041],[238.46221537865992,87.7048770487705],[239.56450063557347,88.7448874488745]]]}},{"type":"Feature","properties":{"ten_tinh":"Bắc Kạn","density":66},"geometry":{"type":"Polygon","coordinates":[[[239.5574347044394,49.96049960499606],[241.23912631434598,51.88851888518886],[240.29935747351584,53.72853728537286],[242.4544664694045,55.90455904559046],[241.3239174879547,58.832588325883265],[241.71960963146213,60.57660576605767],[239.3737204949538,62.73662736627367],[238.15838033989527,65.13665136651368],[235.48745837122013,65.73665736657368],[236.0739306553472,71.02471024710248],[235.44506278441577,72.21672216722168],[231.9403609419214,70.90470904709048],[230.82394382273972,72.48872488724888],[225.1570670532226,76.13676136761369],[221.8926068692863,76.89676896768968],[221.22840934268456,78.7127871278713],[219.29234421195176,78.15278152781529],[219.9989373253579,71.54471544715449],[218.91078393071246,68.60868608686087],[214.88320318429754,66.84866848668487],[214.60056593893512,67.62467624676248],[211.18065527004947,68.80868808688088],[210.4457984321071,71.20871208712089],[209.5342933158132,71.24071240712408],[207.1106789368302,69.49669496694968],[206.37582209888782,66.96066960669607],[205.15341601269523,65.49665496654967],[205.15341601269523,63.43263432634327],[206.4888769970328,61.31261312613127],[205.4501851203258,61.19261192611927],[203.66957047454238,58.67258672586727],[203.82502095949172,56.304563045630466],[206.4323495479603,54.62454624546246],[206.050789266721,53.45653456534566],[207.48517328693544,51.97651976519766],[207.80314018796818,49.272492724927254],[209.32938131292542,48.592485924859254],[209.76040311210315,46.240462404624054],[211.5198199644844,44.94444944449445],[211.2089189945857,42.192421924219246],[210.00064477066124,41.36041360413605],[208.38961247209528,37.73637736377364],[210.13489746220841,36.112361123611244],[211.7388638296403,35.98435984359844],[212.40306135624206,34.53634536345364],[214.81960980409102,33.232332323323234],[216.4801036205954,33.44833448334484],[218.4656302692666,32.488324883248836],[220.06253070556446,34.896348963489636],[217.74490529359235,37.62437624376244],[218.57868516741158,39.680396803968044],[220.18971746597754,40.696406964069645],[221.40505762103606,43.20043200432005],[224.28795752373307,43.35243352433525],[226.6338466602414,44.41644416444165],[233.049712129969,40.52040520405205],[234.61128291059654,40.696406964069645],[236.42722721205027,43.808438084380846],[236.42722721205027,45.77645776457765],[235.24015078152797,47.256472564725655],[235.94674389493412,49.36849368493686],[238.2078418578337,48.872488724887255],[239.5574347044394,49.96049960499606]]]}},{"type":"Feature","properties":{"ten_tinh":"Bạc Liêu","density":332},"geometry":{"type":"Polygon","coordinates":[[[200.87146174545413,673.1667316673168],[203.60597709433583,672.9107291072912],[205.02622925228212,673.59873598736],[209.08913965436733,673.6387363873639],[209.5342933158132,674.878748787488],[209.01848034302674,680.1268012680127],[213.49121475088748,682.1428214282143],[214.3461924181089,683.2788327883279],[216.6991474857513,683.5908359083592],[219.85761870267666,682.0388203882039],[221.99859583629723,684.0148401484016],[223.2068700602217,682.4308243082431],[224.08304552084527,684.2948429484296],[221.79368383340946,685.4948549485496],[222.50734287794964,690.038900389004],[218.31724571545132,692.2149221492216],[208.87009578921143,696.1029610296104],[205.90947064403977,697.9109791097912],[202.92058177433188,700.7030070300704],[201.81829651741833,698.6229862298624],[198.21467163904708,698.3509835098351],[194.71703572768678,696.958969589696],[196.3916614064593,693.9829398293983],[194.12349751242564,691.5349153491536],[197.05585893306105,688.3668836688367],[194.86542028150208,685.6788567885679],[197.1759797623401,683.2228322283223],[195.52961780810384,682.6308263082632],[197.1194523132676,680.9508095080952],[197.26077093594884,677.638776387764],[198.76581426750388,676.4307643076431],[198.51144074667766,675.0307503075031],[196.68843051408987,672.9747297472976],[200.87146174545413,673.1667316673168]]]}},{"type":"Feature","properties":{"ten_tinh":"Bắc Ninh","density":1432},"geometry":{"type":"Polygon","coordinates":[[[245.01939947106874,112.59312593125932],[245.58467396179364,115.75315753157533],[243.7687296603399,119.05719057190574],[241.93865349661803,118.84918849188493],[238.50461096546428,119.83319833198334],[236.8017215621555,119.40119401194013],[234.8373927068865,118.29718297182973],[230.78154823593533,118.56118561185613],[231.68598742109518,116.26516265162653],[230.87340534067815,115.04115041150413],[227.92691205777462,114.41714417144173],[226.58438514230298,112.44912449124493],[227.2132530132344,111.68111681116812],[226.2664182412702,107.19307193071933],[227.75026377942308,106.58506585065852],[229.70046077242398,107.56107561075612],[230.41411981696416,105.60105601056011],[236.43429314318433,108.80908809088092],[237.11262253205422,107.88107881078813],[238.87203938443545,109.64109641096412],[242.6947081279626,110.09710097100972],[245.01939947106874,112.59312593125932]]]}},{"type":"Feature","properties":{"ten_tinh":"Bến Tre","density":528},"geometry":{"type":"Polygon","coordinates":[[[267.7010384114053,644.5744457444575],[268.4358952493477,648.5664856648567],[266.5775553610896,650.9905099050991],[263.66639173385636,652.8945289452895],[261.73032660312356,654.8865488654887],[263.5604027668454,659.758597585976],[261.73739253425765,662.3346233462336],[259.27844849960434,663.3906339063392],[254.2121758764824,657.9505795057952],[245.5705420995255,652.6145261452615],[244.54598208508662,651.3105131051311],[241.5994888021831,647.0064700647007],[239.10521511185948,645.3264532645327],[236.61800735266993,642.6384263842639],[233.02851433656681,641.9424194241943],[232.38551460336726,639.3663936639367],[234.3427775275022,640.3264032640327],[237.56484212463414,640.0624006240063],[240.49013761413548,638.6543865438655],[244.46825684261196,637.9423794237944],[245.26670706076087,638.39838398384],[249.4921338789295,637.4943749437496],[253.23707737998197,638.958389583896],[256.360218941237,640.8624086240864],[262.8891393091096,642.3104231042312],[266.46450046294456,644.5104451044512],[267.7010384114053,644.5744457444575]]]}},{"type":"Feature","properties":{"ten_tinh":"Bình Định","density":251},"geometry":{"type":"MultiPolygon","coordinates":[[[[377.80237734234754,432.6683266832669],[377.5409378903872,434.87634876348767],[379.7737721287506,439.1563915639157],[379.6819150240078,442.7404274042741],[382.472957821962,446.8604686046861],[383.3703310759878,449.45249452494534],[382.59307865124106,450.3965039650397],[384.43728667723104,453.99653996539973],[383.57524307887553,454.3485434854349],[382.26804581907425,452.2525225252253],[382.2539139568061,454.66854668546694],[383.9144077733105,454.6205462054621],[384.2465065366114,456.88456884568853],[385.7374180058983,459.5325953259533],[386.27442877208694,462.5246252462525],[385.5042422784743,462.87662876628775],[386.84676919394593,465.79665796657974],[388.04797748673633,466.27666276662774],[388.1610323848813,469.1486914869149],[387.5886919630223,472.6207262072621],[385.89286849084766,472.21272212722135],[386.35921994569566,470.75670756707575],[385.63142903888735,465.8606586065861],[384.83297882073845,464.62064620646214],[384.46555040176725,471.0847108471085],[385.8575388351773,471.85271852718535],[384.2394406054773,472.82872828728296],[385.03082489249215,476.59676596765973],[383.5681771477415,475.54875548755496],[381.45546373865716,476.2927629276293],[381.2293539423672,478.30878308783093],[379.6607172306056,478.16478164781654],[379.53353047019255,480.74880748807493],[376.28320214852437,481.96481964819657],[375.1314553736724,483.51683516835175],[371.96591822561294,484.05284052840534],[369.4999082598256,482.90082900829015],[367.82528258105305,483.19683196831977],[366.7936566354801,481.55681556815574],[365.3592726152657,477.1967719677197],[365.89628338145434,475.0047500475005],[365.69137137856654,470.7727077270773],[364.20045990927963,469.71669716697176],[364.0591412865984,468.0606806068061],[361.7485818057604,465.0766507665077],[362.6388891286521,461.08461084610855],[362.3421200210215,459.0765907659077],[360.5827031686403,457.3645736457365],[357.9965723735739,452.65252652526533],[358.6890336247119,451.4205142051421],[357.4807594007874,447.9724797247973],[354.9864857104638,438.4203842038421],[356.4420675240804,438.9963899638997],[356.85895746099,437.6763767637677],[356.15943027871793,434.3243432434325],[359.4521541871905,431.8043180431805],[362.41277933236216,431.8363183631837],[362.52583423050714,428.3402834028341],[365.57831648042156,427.92427924279247],[366.1930524890849,427.0682706827069],[368.50361196992293,427.50827508275086],[370.93429228004,426.9482694826949],[374.742829161299,428.48428484284847],[376.24080656172,431.42831428314287],[377.80237734234754,432.6683266832669]]]]}},{"type":"Feature","properties":{"ten_tinh":"Bình Dương","density":741},"geometry":{"type":"Polygon","coordinates":[[[275.508892314543,590.9419094190943],[274.3076840217526,593.9259392593926],[274.07450829432855,596.3499634996351],[275.3110462427893,596.5499654996551],[276.8514192300146,598.469984699847],[276.81608957434435,600.3900039000391],[274.20169505474166,604.4860448604487],[272.392816684422,604.630046300463],[270.09638906585207,602.4860248602487],[269.4392574703844,604.2860428604287],[267.72930213594157,605.6940569405695],[268.6973347013079,606.8300683006831],[267.14282985181444,607.8940789407895],[270.7676525235879,610.3261032610327],[269.27674105430094,611.6861168611687],[267.11456612727824,611.8941189411895],[265.01598458046203,610.5901059010591],[263.631062078186,611.3181131811319],[263.4402819375664,609.3900939009391],[261.7727221899279,608.7580875808759],[261.65966729178297,606.5500655006551],[260.1404920979598,606.0540605406055],[259.4268330534196,603.4460344603447],[256.8477681894873,603.2860328603286],[255.3780545136025,600.8540085400855],[255.87973562412085,599.7899978999791],[252.4244952995649,597.9259792597927],[252.0994624673981,599.0779907799079],[251.24448480017668,597.4619746197462],[249.28015594490768,596.669966699667],[248.75021110985307,594.2859428594287],[247.51367316139235,593.6139361393615],[247.7397829576823,591.8619186191863],[246.32659673087005,589.1738917389175],[247.85990378696135,586.3178631786319],[248.4393101399544,583.829838298383],[251.03250686615485,581.7978179781799],[253.97900014905838,581.589815898159],[258.14789951815453,583.6458364583647],[256.74884515361043,584.789847898479],[256.4944716327842,586.9018690186903],[257.70274585670865,587.7338773387735],[260.0274371998148,586.9018690186903],[260.168755822496,588.0938809388094],[262.9880623449865,588.5178851788519],[266.8460607441839,583.7418374183743],[266.627016879028,582.7338273382735],[268.7891918060508,581.9178191781918],[269.3120707099713,583.3978339783398],[267.4466648905791,585.9498594985951],[268.20978545305775,587.2458724587246],[271.48131156812804,587.4538745387455],[271.68622357101583,590.4859048590487],[274.47726636897005,588.4618846188463],[276.0459030807316,589.1018910189102],[275.508892314543,590.9419094190943]]]}},{"type":"Feature","properties":{"ten_tinh":"Bình Phước","density":139},"geometry":{"type":"Polygon","coordinates":[[[297.1165097225022,568.6536865368654],[292.14209420412317,570.6217062170623],[291.40723736618077,574.9177491774918],[292.9476103534061,575.7977579775799],[292.68617090144585,577.4777747777479],[294.53037892743583,579.2617926179263],[284.77232803129726,581.4618146181463],[281.8399666106618,583.9338393383935],[281.3029558444732,587.4618746187463],[279.1619787108526,589.1818918189183],[275.508892314543,590.9419094190943],[276.0459030807316,589.1018910189102],[274.47726636897005,588.4618846188463],[271.68622357101583,590.4859048590487],[271.48131156812804,587.4538745387455],[268.20978545305775,587.2458724587246],[267.4466648905791,585.9498594985951],[269.3120707099713,583.3978339783398],[268.7891918060508,581.9178191781918],[266.627016879028,582.7338273382735],[266.8460607441839,583.7418374183743],[262.9880623449865,588.5178851788519],[260.168755822496,588.0938809388094],[260.0274371998148,586.9018690186903],[257.70274585670865,587.7338773387735],[256.4944716327842,586.9018690186903],[256.74884515361043,584.789847898479],[258.14789951815453,583.6458364583647],[253.97900014905838,581.589815898159],[251.03250686615485,581.7978179781799],[251.44939680306447,579.6217962179622],[254.12031877173962,578.1497814978151],[252.33263819482212,573.189731897319],[250.51669389336837,568.7176871768719],[252.96857199688762,563.8376383763839],[250.32591375274873,558.5815858158583],[252.52341833544176,557.949579495795],[253.4490553140038,558.6855868558687],[260.68456879528253,558.6055860558606],[262.14015060889915,557.989579895799],[264.73334733509955,558.9735897358975],[266.2949181157271,557.2775727757278],[268.584279803163,553.4775347753479],[274.6468487161875,554.4295442954431],[278.1798142832181,552.8215282152822],[280.67408797354176,550.9655096550966],[285.0549652766597,545.8614586145862],[285.7474265277977,544.3254432544326],[288.2346342869873,543.029430294303],[289.34398547503486,549.8374983749839],[289.4429085109117,556.0215602156022],[293.5906100866057,557.0535705357054],[298.8547287814813,564.1176411764119],[297.1165097225022,568.6536865368654]]]}},{"type":"Feature","properties":{"ten_tinh":"Bình Thuận","density":154},"geometry":{"type":"MultiPolygon","coordinates":[[[[372.05070939922166,629.4942949429495],[370.6728528280797,629.0542905429055],[370.28422661570636,627.3262732627327],[371.61968760004396,627.1822718227183],[372.05070939922166,629.4942949429495]]],[[[367.53557940455653,589.5818958189583],[363.7906359035041,590.5259052590527],[362.1089442935975,592.4219242192422],[360.9713293810137,596.7499674996751],[358.13082506512103,596.3739637396375],[354.5766617046882,596.7099670996711],[351.1355532424004,598.2859828598287],[349.8354219137331,600.1420014200143],[348.9451145908414,603.2700327003271],[345.95622572113353,604.3260432604327],[344.3239956291654,603.9020390203902],[343.129853267509,604.8780487804879],[342.3879304984326,607.7660776607767],[341.05246951409504,607.6140761407615],[340.3105467450186,609.7100971009711],[339.6251514250147,608.6140861408614],[336.87650421386485,607.7900779007791],[333.73923079034165,608.9740897408975],[330.6090232979525,609.518095180952],[328.0228925028861,613.6621366213662],[326.9276731771066,618.2381823818239],[325.81125605792494,620.0862008620087],[321.317323856662,618.9981899818999],[317.3109409036493,620.2862028620287],[315.26888680590554,622.4222242222423],[311.89843765495834,623.3182331823319],[305.7652094305932,626.3342633426336],[305.5673633588395,623.9662396623967],[302.61380414480186,616.6061660616607],[305.63095673904604,614.7421474214743],[305.1999349398683,608.6220862208623],[302.7197931118128,605.0380503805039],[300.96744219056563,605.2300523005231],[298.36011360209704,603.1820318203182],[300.1407282478805,600.1980019800199],[300.3032446639638,598.3259832598327],[302.2393097946966,593.9019390193903],[303.433452156353,593.4539345393455],[303.207342360063,590.5819058190583],[304.42974844625564,587.9658796587967],[305.66628639471634,587.149871498715],[307.44690104049977,588.9258892588927],[310.6336359819614,589.8938989389894],[312.5979648372304,589.3178931789319],[313.0219207052741,588.1418814188143],[316.81632572426497,587.7178771787719],[322.5044002871843,588.2298822988231],[327.5141454612337,589.8698986989871],[329.0827821729953,593.8459384593847],[333.3930001647726,591.1819118191182],[334.86271384065736,590.9339093390935],[340.89701902914567,585.5978559785599],[338.56526175490546,583.0618306183062],[339.088140658826,581.309813098131],[341.05246951409504,580.2138021380215],[343.14398512977715,581.2378123781239],[346.0268850324741,580.1658016580167],[346.75467593928244,580.7818078180783],[350.3724326799218,580.2858028580287],[352.14598139457115,581.1018110181103],[354.0679146630358,578.829788297883],[356.92961677233063,579.0937909379095],[358.5194512774944,582.6298262982631],[359.5934728098717,583.2378323783239],[362.4905045748368,582.9338293382934],[362.3350540898875,585.7818578185783],[366.4827556655814,587.4458744587447],[367.53557940455653,589.5818958189583]]]]}},{"type":"Feature","properties":{"ten_tinh":"Cà Mau","density":234},"geometry":{"type":"MultiPolygon","coordinates":[[[[195.52961780810384,682.6308263082632],[197.1759797623401,683.2228322283223],[194.86542028150208,685.6788567885679],[197.05585893306105,688.3668836688367],[194.12349751242564,691.5349153491536],[196.3916614064593,693.9829398293983],[194.71703572768678,696.958969589696],[198.21467163904708,698.3509835098351],[201.81829651741833,698.6229862298624],[202.92058177433188,700.7030070300704],[198.78701206090605,709.7510975109752],[195.9323758827453,712.879128791288],[191.56563044189548,714.439144391444],[188.21637908435045,719.2631926319264],[183.05118342535167,721.1432114321144],[175.71674690819611,722.719227192272],[169.68950765084188,720.8552085520856],[169.32914516300474,719.3671936719368],[174.00679157375328,718.359183591836],[172.67839652054977,716.3111631116312],[173.3143303226153,715.1671516715168],[176.85436182077999,713.79913799138],[178.26754804759221,711.0711107111072],[174.67805503148912,712.6231262312624],[172.57240755353888,710.9031090310904],[173.54044011890525,705.439054390544],[173.86547295107206,693.0309303093031],[174.47314302860133,689.2148921489215],[175.13027462406905,676.2947629476296],[177.35604293129833,678.0547805478055],[179.06599826574114,674.7427474274743],[180.42972297461495,676.1907619076192],[183.1571723923626,674.9667496674967],[195.52961780810384,682.6308263082632]]]]}},{"type":"Feature","properties":{"ten_tinh":"Cần Thơ","density":874},"geometry":{"type":"Polygon","coordinates":[[[215.59686222883775,647.2944729447295],[220.6207392651553,650.678506785068],[223.32699088950073,654.5745457454575],[222.09045294104,655.4545545455455],[218.6493444787522,655.4545545455455],[218.42323468246224,655.3105531055312],[215.02452180697878,656.6625666256664],[213.9081046877971,654.8945489454895],[212.56557777232547,656.3585635856359],[210.43166656983897,654.0145401454015],[208.4390739900337,657.6305763057632],[200.04474780276897,649.7824978249783],[198.15107825884056,646.9424694246943],[197.2466390736807,647.0864708647088],[193.79139874912477,644.0704407044071],[194.06697006335315,643.6784367843679],[197.395023627496,640.4064040640408],[199.0696493062685,642.4704247042471],[204.08646041145198,640.7664076640767],[203.37986729804587,639.1583915839159],[206.63019561971404,638.0143801438015],[211.64700672489752,642.2704227042271],[212.72809418840887,644.5024450244504],[215.59686222883775,647.2944729447295]]]}},{"type":"Feature","properties":{"ten_tinh":"Cao Bằng","density":79},"geometry":{"type":"Polygon","coordinates":[[[257.78047109918333,48.09648096480966],[255.4911094117475,49.42449424494246],[254.1768462208121,49.23249232492326],[254.00726387359464,50.86450864508646],[252.318506332554,51.448514485144855],[249.63345250161072,50.64050640506406],[248.00828834077663,51.46451464514646],[247.18864032922554,49.79249792497926],[242.28488412218704,46.36046360463605],[240.33468712918614,47.76047760477606],[239.5574347044394,49.96049960499606],[238.2078418578337,48.872488724887255],[235.94674389493412,49.36849368493686],[235.24015078152797,47.256472564725655],[236.42722721205027,45.77645776457765],[236.42722721205027,43.808438084380846],[234.61128291059654,40.696406964069645],[233.049712129969,40.52040520405205],[226.6338466602414,44.41644416444165],[224.28795752373307,43.35243352433525],[221.40505762103606,43.20043200432005],[220.18971746597754,40.696406964069645],[218.57868516741158,39.680396803968044],[217.74490529359235,37.62437624376244],[220.06253070556446,34.896348963489636],[218.4656302692666,32.488324883248836],[216.4801036205954,33.44833448334484],[214.81960980409102,33.232332323323234],[212.40306135624206,34.53634536345364],[211.7388638296403,35.98435984359844],[210.13489746220841,36.112361123611244],[208.38961247209528,37.73637736377364],[206.78564610466339,37.720377203772046],[206.85630541600398,34.28034280342804],[205.42192139578955,31.760317603176038],[201.38020878710654,28.920289202892032],[195.7698594666619,26.22426224262243],[197.51514445677503,25.68825688256883],[197.7059245973947,23.904239042390426],[200.29912132359516,22.376223762237625],[200.92798919452662,20.05620056200562],[206.44648141022844,19.17619176191762],[208.39667840322934,14.000140001400016],[209.89465580365032,13.608136081360815],[210.59418298592237,16.104161041610418],[213.39229171501063,15.472154721547218],[217.52586142843646,16.344163441634418],[217.92861950307795,17.47217472174722],[220.28157457072035,18.480184801848022],[221.33439830969547,19.840198401984022],[223.5531006857907,20.29620296202962],[224.16077076331996,22.488224882248826],[226.83875866312917,21.760217602176024],[230.8451416161419,22.496224962249624],[230.90873499634844,19.91219912199122],[240.09444547062805,19.960199601996024],[242.50392798734293,22.512225122251227],[243.28118041208967,25.072250722507228],[247.18157439809147,26.60026600266003],[248.5806287626356,25.272252722527227],[251.41406714739415,25.35225352253523],[252.16305584760465,24.328243282432826],[254.53014277751515,24.224242242422427],[255.22260402865317,22.184221842218424],[257.79460296145146,23.544235442354427],[259.017009047644,22.856228562285626],[261.9635023305476,26.11226112261123],[262.67716137508773,24.872248722487228],[264.775742921904,25.17625176251763],[264.90292968231705,26.72026720267203],[267.3830715103726,28.128281282812832],[269.7642903025512,28.48828488284883],[269.9621363743049,30.640306403064034],[267.28414847449574,32.328323283232834],[267.898884483159,34.160341603416036],[266.6835443281005,34.64034640346404],[264.45071008973713,40.57640576405765],[261.6526013606489,40.52040520405205],[259.8295911280611,39.26439264392644],[258.40227303898075,44.20044200442005],[257.78047109918333,48.09648096480966]]]}},{"type":"Feature","properties":{"ten_tinh":"Đà Nẵng","density":814},"geometry":{"type":"MultiPolygon","coordinates":[[[[544.7985937647509,360.7876078760788],[542.2053970385504,362.6116261162612],[539.3719586537918,363.1556315563156],[538.2696733968783,361.939619396194],[539.9160353511145,361.0276102761028],[545.3285385998054,359.8275982759828],[544.7985937647509,360.7876078760788]],[[541.1596392307092,361.339613396134],[538.820816025335,361.8916189161892],[539.6616618302883,362.979629796298],[542.5021661461809,362.2916229162292],[543.4207371936088,360.89960899609],[541.1596392307092,361.339613396134]]],[[[506.8404117125738,361.8036180361804],[505.1728519649354,361.3076130761308],[506.3599283954577,359.8275982759828],[508.6775538074298,360.58760587605883],[506.8404117125738,361.8036180361804]]],[[[335.46331798705256,353.3555335553356],[333.64737368559884,354.3875438754388],[332.1493962851779,357.5955759557596],[334.8768457029255,359.939599395994],[336.91183386953514,359.6275962759628],[336.57973510623424,357.9555795557956],[338.0847784377893,356.0355603556036],[342.3667327050304,357.8755787557876],[338.3038223029452,358.8515885158852],[337.98585540191243,360.6676066760668],[339.9996457751199,365.179651796518],[337.9787894707784,364.8276482764828],[336.2547022740674,366.38766387663884],[335.01109839447264,365.2916529165292],[332.855989398584,366.9556695566956],[331.32974827362676,366.2276622766228],[330.1426718431045,367.1956719567196],[328.0935518142267,366.8036680366804],[325.4014320521494,367.50767507675084],[323.974113963069,366.2916629166292],[325.3873001898813,363.09963099631],[324.3415423820402,360.4276042760428],[321.5293017906838,361.939619396194],[319.5649729354148,360.6116061160612],[317.52998476880515,360.8036080360804],[319.3247312768567,358.0275802758028],[320.27156604882094,354.0355403554036],[321.9673895209956,353.1155311553116],[324.1013007234821,354.3875438754388],[325.61340998617123,353.2115321153212],[328.90613389464374,354.8835488354884],[332.3401764257975,354.5635456354564],[335.46331798705256,353.3555335553356]]],[[[507.22197199381316,349.659496594966],[507.69538937979524,351.9235192351924],[505.7875879735987,353.1715317153172],[506.0348955632909,350.5475054750548],[500.4881396230528,350.49950499505],[497.2590090947868,353.5555355553556],[500.4033484494441,352.339523395234],[501.321919496872,352.8275282752828],[499.2304038811899,354.2435424354244],[497.03289929849683,354.7635476354764],[496.2273831492139,353.1875318753188],[499.94406292573007,349.8514985149852],[506.20447791050833,349.1314913149132],[507.22197199381316,349.659496594966]]],[[[520.9157465316239,347.0434704347044],[518.0823081468652,347.059470594706],[514.9238369299399,348.08348083480837],[514.7259908581862,346.9474694746948],[518.7182419489308,345.8514585145852],[520.9157465316239,347.0434704347044]]],[[[498.6439315970628,342.3154231542316],[497.1176904721056,340.5634056340564],[498.01506372613136,339.9873998739988],[498.6439315970628,342.3154231542316]]],[[[504.99620368658384,341.979419794198],[505.0244674111201,337.9553795537956],[506.6001700540158,338.8433884338844],[504.99620368658384,341.979419794198]]],[[[504.671170854417,337.42737427374277],[503.3003802144092,336.78736787367876],[504.19775346843494,335.6273562735628],[504.671170854417,337.42737427374277]]],[[[487.9673096534963,329.09929099290997],[486.66011239369493,328.5632856328564],[488.37006772813777,327.379273792738],[487.9673096534963,329.09929099290997]]],[[[530.744456739103,315.9471594715948],[527.2185571032064,316.53916539165397],[526.3706453671191,315.73915739157394],[528.8154575395042,314.80314803148036],[530.744456739103,315.9471594715948]]],[[[496.1779216312754,309.98709987099875],[492.9205273784732,311.69111691116916],[490.701825002378,311.24311243112436],[490.97739631660636,310.35510355103554],[493.78963690796274,309.3550935509356],[496.1779216312754,309.98709987099875]]]]}},{"type":"Feature","properties":{"ten_tinh":"Đắk Lắk","density":144},"geometry":{"type":"Polygon","coordinates":[[[358.65370396904154,509.27709277092777],[358.3710667236791,509.67709677096775],[362.19373546720624,512.0771207712078],[364.12273466680494,515.4931549315494],[366.5392831146539,515.9731597315974],[367.71929361404216,517.9571795717958],[372.3404125757182,517.9811798117981],[373.2660495542802,519.6131961319614],[373.5416208685086,523.3172331723318],[372.8774233419068,524.4612446124462],[371.1745339385981,523.8532385323854],[369.23140287673124,524.949249492495],[369.0194249427094,527.1812718127183],[367.4154585752775,528.669286692867],[368.95583156250285,530.3173031730317],[367.18934877898755,533.5653356533566],[367.71929361404216,535.4933549335494],[363.430273415667,533.0053300533006],[361.2680984886442,534.429344293443],[360.3777911657525,534.0453404534046],[358.1590887896573,536.9573695736958],[359.05646204368304,539.3253932539326],[358.65370396904154,542.1014210142102],[357.67153954140707,543.1334313343134],[354.6967825339673,543.9974399743999],[352.18837698137554,543.0534305343054],[350.45722385353054,543.9734397343974],[349.68703735991784,542.6774267742678],[348.08307099248594,544.1414414144142],[344.6490284613322,545.7014570145702],[343.2923696835924,545.1014510145102],[340.5507884035767,547.3414734147342],[338.60765734170985,547.6934769347694],[337.58309732727093,549.5254952549526],[336.98955911200983,548.5574855748558],[335.0040324633386,548.9574895748958],[334.1137251404469,547.9014790147902],[331.59825365672106,548.509485094851],[330.2486608101154,545.7174571745718],[326.857013865766,542.749427494275],[325.1541244624572,543.0534305343054],[322.92835615522796,540.5814058140583],[322.0239169700681,538.1733817338175],[322.4549387692458,536.7973679736798],[325.3449046030769,535.8373583735838],[326.2352119259686,534.3413434134342],[323.4300372657463,531.9253192531926],[320.79444495274146,531.2613126131262],[322.9424880174961,529.3012930129302],[321.2466645453214,523.0772307723078],[321.6847522756332,521.4852148521486],[319.5225773486104,520.869208692087],[319.0350281003602,518.1971819718198],[316.4842269609641,519.7571975719758],[314.9438539737387,519.8131981319814],[308.393735812464,518.6611866118662],[305.2352645955386,518.9411894118942],[302.394760279646,515.1731517315174],[301.63163971716733,511.229112291123],[302.6491338004722,510.3331033310334],[301.63163971716733,508.109081090811],[307.44690104049977,494.38894388943896],[311.77125089454523,491.05291052910536],[315.09223852755406,491.42891428914294],[318.37789650489253,489.80489804898053],[326.58850848267167,490.6529065290654],[328.6941559606219,489.1408914089142],[333.0750332637399,489.388893888939],[334.7213952179761,490.55690556905574],[338.8196352757317,491.1009110091102],[342.69883146833126,492.69292692926933],[343.98483093473044,495.97295972959733],[345.76544558051387,496.83696836968375],[346.4932364873222,499.63699636996375],[348.1890599594969,501.22901229012297],[348.0689391302178,503.0930309303094],[350.7893226168314,505.66905669056695],[350.6762677186864,507.42907429074296],[358.65370396904154,509.27709277092777]]]}},{"type":"Feature","properties":{"ten_tinh":"Đắk Nông","density":93},"geometry":{"type":"Polygon","coordinates":[[[331.59825365672106,548.509485094851],[331.5558580699167,550.3575035750358],[327.9663650538136,550.469504695047],[325.62047591730527,551.6295162951631],[324.3980698311127,554.2055420554207],[326.6521018628782,554.8695486954871],[326.58850848267167,556.069560695607],[331.4498691029058,562.3896238962391],[329.3724853494918,565.4056540565406],[325.238915636066,567.4456744567447],[323.6985426488406,565.9256592565927],[322.2924223531624,567.1656716567167],[320.8863020574843,566.0296602966031],[320.6389944677921,563.4936349363494],[316.03907329951824,564.2136421364214],[313.6578545073396,563.5336353363534],[312.2376023493933,561.1576115761159],[310.58417446402296,561.6056160561607],[310.6689656376317,562.8936289362895],[308.49265884834085,563.9096390963911],[308.00510960009063,565.149651496515],[304.78304500295866,567.4856748567487],[301.5397826124246,567.349673496735],[300.7201346008735,568.8296882968831],[298.3247839464267,569.5016950169503],[297.1165097225022,568.6536865368654],[298.8547287814813,564.1176411764119],[293.5906100866057,557.0535705357054],[289.4429085109117,556.0215602156022],[289.34398547503486,549.8374983749839],[288.2346342869873,543.029430294303],[291.315380261438,541.7414174141742],[294.93313700207733,541.549415494155],[298.4166410511695,545.4774547745478],[299.63198120622803,543.509435094351],[304.4014847217194,540.4614046140462],[304.6063967246072,537.349373493735],[306.1326378495644,533.6453364533646],[305.4896381163648,531.9733197331974],[306.6060552355465,530.469304693047],[305.63095673904604,526.2452624526246],[305.970121433481,524.4852448524485],[305.2352645955386,518.9411894118942],[308.393735812464,518.6611866118662],[314.9438539737387,519.8131981319814],[316.4842269609641,519.7571975719758],[319.0350281003602,518.1971819718198],[319.5225773486104,520.869208692087],[321.6847522756332,521.4852148521486],[321.2466645453214,523.0772307723078],[322.9424880174961,529.3012930129302],[320.79444495274146,531.2613126131262],[323.4300372657463,531.9253192531926],[326.2352119259686,534.3413434134342],[325.3449046030769,535.8373583735838],[322.4549387692458,536.7973679736798],[322.0239169700681,538.1733817338175],[322.92835615522796,540.5814058140583],[325.1541244624572,543.0534305343054],[326.857013865766,542.749427494275],[330.2486608101154,545.7174571745718],[331.59825365672106,548.509485094851]]]}},{"type":"Feature","properties":{"ten_tinh":"Điện Biên","density":58},"geometry":{"type":"Polygon","coordinates":[[[111.27545496555763,70.63270632706327],[110.44874102287247,73.44073440734408],[112.47666325834804,75.97675976759768],[114.15128893712055,80.8648086480865],[116.09441999898739,84.84084840848409],[113.45882768598254,86.6088660886609],[114.22194824846116,87.5048750487505],[112.37067429133711,90.72090720907211],[112.22228973752183,92.24892248922491],[109.4948403197742,93.3449334493345],[108.65399451482091,97.29697296972971],[106.31517130944664,97.05697056970571],[103.6442493407715,97.8249782497825],[106.04666592635232,100.75300753007531],[105.34713874408024,102.30502305023052],[107.98273105708509,103.16103161031612],[108.20177492224099,110.38510385103852],[106.52714924346847,111.16911169111692],[107.80608277873355,115.16115161151613],[105.74283088758767,115.56915569155693],[102.549030014992,113.86513865138653],[100.7613494380745,115.44915449154493],[101.77177759024525,121.09721097210974],[101.29836020426316,123.18523185231854],[97.87844953537751,123.80923809238094],[95.55375819227137,122.82522825228254],[93.10188008875213,123.73723737237374],[89.22974982728655,115.91315913159133],[86.30445433778522,115.30515305153052],[84.59449900334239,110.92910929109293],[82.95520298024019,110.22510225102252],[83.29436767467513,107.26507265072652],[81.09686309198207,105.95305953059533],[79.01241340743401,106.44106441064412],[78.47540264124535,105.40905409054092],[80.63051163713403,103.81703817038172],[82.55951083673276,103.58503585035852],[82.61603828580525,99.67299672996731],[84.17760906643278,96.72896728967291],[81.49962116662357,97.64097640976411],[83.5346093332332,93.7049370493705],[87.15943200500662,89.6728967289673],[86.60122344541578,86.2808628086281],[87.00398152005727,82.8808288082881],[85.29402618561446,82.6088260882609],[81.68333537610917,83.7848378483785],[80.73650060414495,82.9448294482945],[80.47506115218468,77.16077160771609],[79.01947933856808,77.24877248772489],[79.1961276169196,82.3208232082321],[75.46531597813527,85.8568585685857],[72.13019648285837,86.1528615286153],[70.75940584285048,82.3448234482345],[71.37414185151381,79.3287932879329],[70.61808722016926,76.16076160761608],[69.18370319995483,75.48875488754888],[68.78094512531334,73.00073000730008],[64.28701292405039,70.71270712707128],[63.16352987373466,69.45669456694569],[64.68977099869188,68.00068000680008],[60.73991549475165,64.63264632646327],[60.54206942299794,63.36863368633687],[58.19618028648961,62.760627606276074],[54.59962133925244,58.776587765877665],[53.13697359450176,59.000590005900065],[52.88966600480961,57.53657536575366],[51.42701826005894,57.39257392573926],[51.02426018541745,55.16855168551686],[48.31800856107199,54.05654056540566],[49.130590641489036,52.53652536525366],[47.70327255240867,51.54451544515446],[46.71404219364009,49.264492644926456],[47.43476716931434,47.848478484784856],[51.20797439490304,47.912479124791254],[52.38091896315721,48.584485844858456],[51.70965550542139,46.496464964649654],[55.16489582997733,41.968419684196846],[56.52862053885115,44.824448244482454],[58.21737807989179,45.91245912459125],[58.35869670257301,48.896488964889656],[60.96602529104161,51.104511045110456],[65.75672659993512,57.128571285712866],[67.2193743446858,56.256562565625664],[69.32502182263605,57.48057480574806],[69.37448334057449,59.35259352593527],[72.11606462059024,60.81660816608167],[73.13355870389506,58.90458904589047],[71.42360336945224,56.568565685656864],[74.65979982885229,57.37657376573767],[75.78328287916803,58.864588645886464],[75.2957336309178,62.52062520625207],[76.91383186061782,64.81664816648167],[80.70117094847464,66.00066000660007],[84.05042230601967,64.55264552645528],[86.9262562775826,67.82467824678248],[87.56925601078217,66.58466584665848],[89.39226624336996,66.77666776667768],[91.81588062235298,65.72065720657207],[92.40235290648006,64.08864088640887],[94.62812121370935,65.81665816658168],[95.74453833289103,65.16865168651687],[100.88147026735354,67.23267232672328],[101.14997565044787,63.90463904639047],[103.48879885582214,61.53661536615367],[105.82055613006236,61.40061400614007],[108.2724342335816,66.39266392663927],[109.93292805008599,67.65667656676568],[109.19100528100955,68.58468584685848],[111.27545496555763,70.63270632706327]]]}},{"type":"Feature","properties":{"ten_tinh":"Đồng Nai","density":505},"geometry":{"type":"Polygon","coordinates":[[[304.42974844625564,587.9658796587967],[303.207342360063,590.5819058190583],[303.433452156353,593.4539345393455],[302.2393097946966,593.9019390193903],[300.3032446639638,598.3259832598327],[300.1407282478805,600.1980019800199],[298.36011360209704,603.1820318203182],[300.96744219056563,605.2300523005231],[302.7197931118128,605.0380503805039],[305.1999349398683,608.6220862208623],[305.63095673904604,614.7421474214743],[302.61380414480186,616.6061660616607],[300.03473928086953,615.0541505415055],[295.7951806004328,618.5741857418575],[295.2723016965123,621.1182111821118],[292.7497642816524,620.6942069420695],[292.79922579959083,617.4221742217424],[287.45738186224054,616.5901659016591],[284.9913718964532,617.8461784617847],[284.81472361810165,620.7662076620767],[283.0341089723182,622.3422234222343],[280.4055825904474,622.1582215822159],[278.33526476816746,623.3822338223383],[279.70605540817536,625.2702527025272],[279.0983853306461,628.5262852628528],[277.9607704180622,628.2782827828279],[277.69933096610197,625.8782587825879],[274.27942029721635,624.4942449424495],[272.46347599576256,622.5422254222543],[270.13878465265645,623.5102351023511],[266.8107310885136,620.2862028620287],[267.319478130166,618.1101811018111],[269.96920230543896,616.1821618216183],[272.47054192689666,616.7821678216783],[272.7178495165888,614.4221442214423],[271.5661027417368,613.1101311013111],[270.7676525235879,610.3261032610327],[267.14282985181444,607.8940789407895],[268.6973347013079,606.8300683006831],[267.72930213594157,605.6940569405695],[269.4392574703844,604.2860428604287],[270.09638906585207,602.4860248602487],[272.392816684422,604.630046300463],[274.20169505474166,604.4860448604487],[276.81608957434435,600.3900039000391],[276.8514192300146,598.469984699847],[275.3110462427893,596.5499654996551],[274.07450829432855,596.3499634996351],[274.3076840217526,593.9259392593926],[275.508892314543,590.9419094190943],[279.1619787108526,589.1818918189183],[281.3029558444732,587.4618746187463],[281.8399666106618,583.9338393383935],[284.77232803129726,581.4618146181463],[294.53037892743583,579.2617926179263],[295.53374114847253,577.6457764577647],[296.28979577981704,580.7898078980791],[298.04214670106427,580.1578015780159],[300.9391784660294,582.4938249382494],[299.0172451975647,584.4218442184423],[301.129958606649,584.5978459784599],[301.80122206438483,586.4058640586406],[304.01992444048005,588.5018850188503],[304.42974844625564,587.9658796587967]]]}},{"type":"Feature","properties":{"ten_tinh":"Đồng Tháp","density":499},"geometry":{"type":"Polygon","coordinates":[[[206.84923948486994,607.8780787807879],[207.64062377188478,609.3340933409335],[210.8485565067486,610.8061080610806],[212.24761087129272,613.7021370213703],[211.4491606531438,613.7661376613767],[220.28157457072035,622.0302203022031],[222.83944164125052,623.0222302223023],[226.4501324507558,627.8302783027831],[228.01170323138334,627.9422794227943],[227.96930764457898,629.9422994229943],[224.04771586517498,634.1023410234103],[223.32699088950073,636.1343613436135],[221.9491343183588,635.9103591035911],[222.0056617674313,638.2223822238224],[223.0231558507361,639.39839398394],[225.67994595714313,640.4704047040472],[224.87442980786014,641.0224102241024],[226.9094179744698,643.5904359043591],[224.83910015218984,644.6304463044631],[224.56352883796146,646.3184631846319],[221.26373899835485,646.2624626246263],[217.75197122472642,643.878438784388],[215.59686222883775,647.2944729447295],[212.72809418840887,644.5024450244504],[211.64700672489752,642.2704227042271],[206.63019561971404,638.0143801438015],[208.02924998425814,634.5023450234503],[210.40340284530274,633.0623306233064],[210.34687539623025,630.9983099831],[209.01141441189267,628.358283582836],[207.53463480487386,627.4382743827439],[205.93066843744197,628.0062800628007],[200.6948134671026,626.0942609426095],[199.20390199781568,621.4382143821439],[199.79037428194275,619.2941929419295],[196.9216062415139,619.2061920619207],[197.26783686708288,617.0381703817039],[195.43776070336102,616.5341653416535],[192.1097071392182,612.4381243812439],[192.0319818967435,609.8380983809839],[195.5720133949082,610.5181051810519],[199.14030861760912,612.4861248612486],[203.30920798670525,606.9420694206943],[206.84923948486994,607.8780787807879]]]}},{"type":"Feature","properties":{"ten_tinh":"Gia Lai","density":91},"geometry":{"type":"Polygon","coordinates":[[[352.31556374178865,432.1723217232173],[356.15943027871793,434.3243432434325],[356.85895746099,437.6763767637677],[356.4420675240804,438.9963899638997],[354.9864857104638,438.4203842038421],[357.4807594007874,447.9724797247973],[358.6890336247119,451.4205142051421],[357.9965723735739,452.65252652526533],[360.5827031686403,457.3645736457365],[362.3421200210215,459.0765907659077],[362.6388891286521,461.08461084610855],[361.7485818057604,465.0766507665077],[364.0591412865984,468.0606806068061],[364.20045990927963,469.71669716697176],[365.69137137856654,470.7727077270773],[365.89628338145434,475.0047500475005],[365.3592726152657,477.1967719677197],[366.7936566354801,481.55681556815574],[363.8047677657722,481.15681156811576],[361.98882346431844,481.72481724817254],[359.7771870193573,485.54085540855414],[361.75564773689445,486.9248692486926],[364.0732731488665,486.1648616486165],[364.9211848849539,491.90091900919015],[367.8464803744552,495.73295732957337],[366.26371180042554,501.26101261012616],[362.5894276107137,502.55702557025575],[361.99588939545254,504.57304573045735],[362.27852664081496,507.4930749307494],[359.29670370224113,508.309083090831],[358.65370396904154,509.27709277092777],[350.6762677186864,507.42907429074296],[350.7893226168314,505.66905669056695],[348.0689391302178,503.0930309303094],[348.1890599594969,501.22901229012297],[346.4932364873222,499.63699636996375],[345.76544558051387,496.83696836968375],[343.98483093473044,495.97295972959733],[342.69883146833126,492.69292692926933],[338.8196352757317,491.1009110091102],[334.7213952179761,490.55690556905574],[333.0750332637399,489.388893888939],[328.6941559606219,489.1408914089142],[326.58850848267167,490.6529065290654],[318.37789650489253,489.80489804898053],[315.09223852755406,491.42891428914294],[311.77125089454523,491.05291052910536],[307.44690104049977,494.38894388943896],[308.61984560875396,491.6609166091662],[307.9485821510181,483.5568355683557],[305.7793412928613,479.02079020790217],[305.6168248767779,476.8607686076861],[303.93513326687133,473.16473164731656],[299.978211831797,470.7167071670717],[301.00277184623593,467.9486794867949],[300.1477941790145,467.0126701267013],[300.40216769984073,464.4046440464405],[301.05223336417436,462.76462764627655],[303.5253092610958,461.54061540615413],[303.3910565695486,460.02060020600214],[307.0229451724561,459.43659436594373],[307.7719338726666,457.63657636576374],[309.545482587316,457.3405734057341],[309.8775813506168,452.76452764527653],[311.29783350856314,449.9964999649997],[314.59762334816975,450.88450884508853],[318.4768195407694,449.2604926049261],[319.02796216922616,447.3644736447365],[321.2537304764554,447.1964719647197],[324.3062127263699,449.6284962849629],[326.9276731771066,448.94848948489494],[328.1147496076289,447.2924729247293],[329.047452517325,447.8364783647837],[331.7466382105364,443.0924309243093],[333.48485726951543,443.7884378843789],[337.78800933015873,441.5164151641517],[340.33174453842076,441.7564175641757],[340.126832535533,440.9484094840949],[344.4441164584444,435.1483514835149],[343.25704002792213,432.6123261232613],[345.35562157473834,431.6923169231693],[347.0302472535108,433.6763367633677],[349.4821253570301,434.3243432434325],[351.3757949009585,433.7803378033781],[352.31556374178865,432.1723217232173]]]}},{"type":"Feature","properties":{"ten_tinh":"Hà Giang","density":103},"geometry":{"type":"Polygon","coordinates":[[[209.89465580365032,13.608136081360815],[208.39667840322934,14.000140001400016],[206.44648141022844,19.17619176191762],[200.92798919452662,20.05620056200562],[200.29912132359516,22.376223762237625],[197.7059245973947,23.904239042390426],[197.51514445677503,25.68825688256883],[195.7698594666619,26.22426224262243],[201.38020878710654,28.920289202892032],[205.42192139578955,31.760317603176038],[206.85630541600398,34.28034280342804],[206.78564610466339,37.720377203772046],[204.93437214753934,38.96038960389605],[198.71635274956543,37.50437504375044],[197.84017728894185,38.77638776387764],[196.56124375367676,37.48837488374884],[190.11711455941293,34.66434664346644],[189.25507096105744,35.90435904359044],[190.62586160106534,38.24838248382484],[189.74968614044172,38.21638216382164],[188.52728005424913,40.68040680406805],[189.07135675157184,42.792427924279245],[188.16691756641202,44.824448244482454],[188.54847784765133,46.632466324663255],[187.23421465671592,47.368473684736855],[187.78535728517272,48.696486964869656],[186.47816002537138,50.176501765017655],[187.14235755197313,51.32851328513286],[184.97311669381634,51.76851768517686],[185.89875367237835,52.75252752527526],[185.22749021464253,54.88054880548806],[183.6305897783447,55.944559445594464],[182.0619530665831,53.05653056530566],[180.57810752843025,53.19253192531926],[178.20395466738566,51.816518165181655],[178.09796570037474,53.50453504535046],[179.27797619976297,54.672546725467264],[177.85065811068262,55.67255672556726],[179.1083938525455,57.248572485724864],[178.07676790697258,59.95259952599527],[175.80153808180484,59.97659976599767],[171.38533112301656,60.55260552605527],[169.85202406692528,59.24859248592487],[169.78843068671875,56.392563925639266],[164.11448798606756,54.93654936549366],[163.29483997451646,56.72856728567287],[161.72620326275486,57.184571845718466],[161.21745622110245,55.50455504555046],[162.87795003760687,54.20854208542086],[162.76489513946188,51.64851648516486],[158.67372101284042,48.336483364833654],[156.7447218132417,46.25646256462565],[157.9247323126299,45.17645176451765],[155.07009613446917,42.98442984429845],[155.56471131385348,40.728407284072844],[157.51490830685435,40.68840688406885],[157.21107326808973,38.75238752387524],[154.9570412363242,37.50437504375044],[154.30697557199056,35.41635416354164],[152.68887734229054,35.78435784357844],[151.57246022310886,33.92033920339204],[152.20839402517436,34.84834848348484],[154.37056895219712,34.34434344343444],[155.49405200251283,32.60032600326004],[157.55730389365874,31.712317123171236],[160.03744572171422,29.56029560295603],[161.38703856831992,27.504275042750432],[163.51388383967236,26.84826848268483],[164.55257571637935,28.648286482864833],[165.11785020710425,27.136271362713632],[167.42134375680823,28.58428584285843],[170.38903483311395,27.944279442794432],[172.22617692796985,24.424244242442427],[176.51519712634504,22.280222802228025],[175.35638442035898,20.368203682036825],[173.56163791230745,13.352133521335215],[177.1016694104721,13.136131361313614],[177.3772407247005,11.304113041130412],[179.04480047233895,10.584105841058411],[180.6417009086368,12.064120641206413],[181.03032712101017,9.57609576095761],[182.8674692158661,9.38409384093841],[187.19888500104562,6.176061760617607],[188.30117025795917,7.304073040730408],[191.24059760972867,5.1760517605176055],[193.8761899227335,6.472064720647207],[195.28231021841168,2.4960249602496027],[196.51178223573834,2.536025360253603],[198.41958364193488,0],[200.73720905390695,3.672036720367204],[202.92764770546594,5.464054640546406],[203.5353177829952,4.472044720447205],[206.50300885930093,7.856078560785609],[206.90576693394243,9.51209512095121],[209.4212384176682,10.224102241022411],[210.29034794715776,11.576115761157613],[209.89465580365032,13.608136081360815]]]}},{"type":"Feature","properties":{"ten_tinh":"Hà Nam","density":932},"geometry":{"type":"Polygon","coordinates":[[[236.48375466112276,137.48937489374896],[237.1479521877245,139.66539665396655],[238.9709624203123,141.06541065410656],[239.5927643601097,144.12144121441216],[237.76268819638784,144.80944809448096],[236.9642379782389,143.30543305433056],[235.51572209575636,143.90543905439057],[235.57931547596291,145.39345393453937],[232.80947047141092,144.82544825448255],[231.70718521449737,147.30547305473056],[230.30106491881918,148.05748057480577],[229.61566959881523,146.28946289462897],[227.74319784828901,148.28948289482898],[227.64427481241216,149.80149801498018],[225.97671506477369,149.40949409494098],[224.12544110764966,147.13747137471375],[223.67322151506974,144.44944449444498],[220.9811017529924,142.67342673426737],[219.75162973566574,140.10540105401057],[220.9457720973221,139.92939929399296],[221.82901348907976,136.64136641366414],[222.8041119855802,135.88935889358896],[225.81419864869028,135.76135761357617],[227.97637357571304,134.31334313343135],[229.63686739221743,135.10535105351056],[230.88753720294625,133.19333193331934],[232.34311901656287,134.16134161341614],[232.357250878831,136.40136401364015],[233.4312724112083,137.88137881378816],[236.48375466112276,137.48937489374896]]]}},{"type":"Feature","properties":{"ten_tinh":"Hà Nội","density":2182},"geometry":{"type":"Polygon","coordinates":[[[225.81419864869028,102.47302473024732],[227.42523094725627,104.02504025040251],[227.75026377942308,106.58506585065852],[226.2664182412702,107.19307193071933],[227.2132530132344,111.68111681116812],[226.58438514230298,112.44912449124493],[227.92691205777462,114.41714417144173],[230.87340534067815,115.04115041150413],[231.68598742109518,116.26516265162653],[230.78154823593533,118.56118561185613],[228.88081276087286,119.24119241192413],[229.06452697035846,120.27320273202734],[226.49959396869423,119.96119961199614],[226.5773192111689,122.65722657226574],[225.7576711996178,123.57723577235774],[227.5806814322056,125.80925809258095],[226.49959396869423,126.84926849268494],[227.1779233575641,129.00129001290014],[229.2058455930397,129.83329833298336],[229.61566959881523,133.43333433334334],[230.88753720294625,133.19333193331934],[229.63686739221743,135.10535105351056],[227.97637357571304,134.31334313343135],[225.81419864869028,135.76135761357617],[222.8041119855802,135.88935889358896],[221.82901348907976,136.64136641366414],[220.9457720973221,139.92939929399296],[219.75162973566574,140.10540105401057],[218.47976213153473,138.37738377383775],[216.8051364527622,138.36938369383697],[215.01038994471065,134.39334393343935],[215.61806002223992,133.57733577335776],[213.85157723872462,131.42531425314255],[213.5830718556303,127.23327233272335],[211.6682045182997,126.45726457264574],[209.8805239413822,127.99327993279934],[210.94041361149138,125.60125601256014],[209.72507345643285,124.50524505245055],[210.6860400906652,122.14522145221454],[207.0188218320874,122.08922089220894],[204.33376800114414,120.80120801208014],[201.47206589184933,117.41717417174173],[198.13694639657243,118.03318033180334],[197.04172707079292,116.20916209162093],[198.27826501925364,112.98512985129852],[196.74495796316236,110.69710697106973],[197.3031665227532,109.36909369093692],[199.2886931714244,108.33708337083372],[200.32031911699735,104.20904209042092],[202.29171390340042,103.95303953039532],[204.04406482464762,105.52105521055212],[205.38659174011926,109.84909849098493],[206.5666022395075,110.66510665106652],[209.8239964923097,111.06511065110652],[212.56557777232547,109.93709937099372],[212.44545694304642,108.52108521085212],[214.84080759749318,106.79306793067931],[217.55412515297272,107.48907489074892],[217.5187954973024,105.56105561055612],[219.3559375921583,103.61703617036171],[220.47235471134,100.84900849008491],[221.2001456181483,99.58499584995852],[223.8428038622872,100.00900009000091],[224.47167173321864,102.41702417024172],[225.81419864869028,102.47302473024732]]]}},{"type":"Feature","properties":{"ten_tinh":"Hà Tĩnh","density":211},"geometry":{"type":"MultiPolygon","coordinates":[[[[219.22168490061117,228.82628826288266],[220.13319001690505,228.95428954289545],[221.58877183052167,234.71434714347146],[222.97369433279766,237.77837778377787],[227.2556486000388,244.01044010440108],[227.91278019550649,243.57843578435788],[230.27280119428292,247.17047170471707],[235.07763436544457,252.2505225052251],[238.34209454938087,252.9385293852939],[242.64524661002417,255.50655506555069],[247.6691236463417,260.4106041060411],[250.88412231233957,261.5786157861579],[252.08533060512997,264.4186441864419],[254.35349449916365,267.7866778667787],[255.09541726824006,267.9706797067971],[252.21958329667714,268.4586845868459],[251.61191321914788,267.4026740267403],[246.96959646406964,266.5626656266563],[244.15028994157922,269.2586925869259],[244.09376249250673,270.1467014670147],[241.46523611063594,269.4426944269443],[239.00629207598263,270.1867018670187],[232.93665723182403,268.6506865068651],[234.4134368388428,266.4906649066491],[230.07495512252922,262.8906289062891],[228.4780546862314,263.1946319463195],[227.58774736333967,261.7146171461715],[225.67994595714313,261.6506165061651],[224.54233104455926,262.7626276262763],[222.09751887217408,263.0986309863099],[222.59213405155836,264.4266442664427],[220.1967833971116,265.1626516265163],[217.97101508988231,264.2986429864299],[216.62848817441068,266.3946639466395],[213.73145640944557,266.4906649066491],[210.8485565067486,265.4586545865459],[210.11369966880622,261.8106181061811],[208.77117275333458,261.9146191461915],[207.3509205953883,260.1226012260123],[206.4676792036306,256.10656106561066],[203.10429598381748,257.0505705057051],[202.588483011031,258.4505845058451],[198.29239688152177,256.2345623456235],[198.80820985430825,253.6265362653627],[195.31763987408198,253.32253322533228],[194.67464014088242,251.5785157851579],[192.14503679488848,250.35450354503547],[191.60802602869984,246.90646906469067],[190.27256504436227,247.01847018470187],[188.00440115032862,244.1624416244163],[188.56260970991946,239.64239642396427],[189.4246533082749,237.07437074370748],[190.68945498127187,235.96235962359626],[192.01078410334134,236.51436514365147],[194.0245744765488,237.18637186371868],[196.37752954419116,235.44235442354426],[200.3839124972039,237.59437594375947],[203.76849351041923,237.24237242372428],[207.0753492811599,236.13836138361387],[208.94075510055205,238.90638906389066],[212.4313250807783,237.74637746377468],[213.41348950841282,238.26638266382668],[215.858301680798,237.09037090370907],[215.92896099213863,235.45035450354507],[217.589454808643,233.11433114331146],[219.61031111298453,232.33032330323306],[218.4868280626688,229.84229842298427],[219.22168490061117,228.82628826288266]]]]}},{"type":"Feature","properties":{"ten_tinh":"Hải Dương","density":1070},"geometry":{"type":"Polygon","coordinates":[[[254.66439546906233,107.51307513075132],[253.90834083771776,112.20112201122012],[251.79562742863345,112.84112841128413],[252.46689088636927,115.38515385153853],[255.38512044473657,116.32116321163213],[258.1832291738248,115.76915769157694],[259.935580095072,117.55317553175533],[257.2222625395925,118.78518785187853],[259.12299801465497,121.27321273212733],[255.92919714205928,122.76922769227694],[257.0809439169113,124.69724697246974],[253.7952859395728,125.05725057250574],[254.508944984113,130.44130441304415],[252.77072592513392,132.24932249322495],[250.16339733666533,131.81731817318175],[247.5419368859286,133.37733377333774],[246.99786018860587,132.84932849328496],[243.59914731312242,134.16934169341695],[241.4864339040381,132.96132961329616],[240.98475279351976,130.92130921309214],[238.1159847530909,129.43329433294335],[237.01369949617737,128.14528145281454],[238.27143523804025,121.07321073210734],[236.8017215621555,119.40119401194013],[238.50461096546428,119.83319833198334],[241.93865349661803,118.84918849188493],[243.7687296603399,119.05719057190574],[245.58467396179364,115.75315753157533],[245.01939947106874,112.59312593125932],[246.14994845251854,111.28911289112892],[245.6835969976705,109.04909049090492],[247.23810184716396,110.39310393103932],[250.94771569254613,107.23307233072332],[254.66439546906233,107.51307513075132]]]}},{"type":"Feature","properties":{"ten_tinh":"Hải Phòng","density":1268},"geometry":{"type":"MultiPolygon","coordinates":[[[[271.0008282510119,127.54527545275454],[272.13844316359575,126.91326913269134],[273.7212117376255,128.50528505285055],[271.22693804730187,128.79328793287934],[271.0008282510119,127.54527545275454]]],[[[276.3002766015578,125.12925129251295],[277.46615523867797,126.19326193261934],[280.15120906962125,125.43325433254334],[280.7730110094186,127.56927569275695],[282.1296697871584,127.26527265272654],[283.3238121488147,129.57729577295774],[280.6811539046758,129.71329713297135],[281.22523060199853,132.49732497324976],[278.4341878040443,132.04132041320415],[275.3393099673255,127.70527705277054],[276.3002766015578,125.12925129251295]]],[[[267.14989578294853,127.93727937279374],[266.8884563309883,129.90529905299056],[268.96584008440226,132.48132481324814],[268.71853249471013,134.01734017340175],[267.3830715103726,132.76132761327614],[264.94532526912144,134.03334033340334],[262.585304270345,136.60136601366017],[260.5785798282716,137.02537025370256],[259.4833605024921,136.39336393363936],[255.51230720514968,138.17738177381776],[253.18054993090948,138.32138321383215],[251.6967043927566,135.31335313353136],[249.88076009130288,133.94533945339455],[250.16339733666533,131.81731817318175],[252.77072592513392,132.24932249322495],[254.508944984113,130.44130441304415],[253.7952859395728,125.05725057250574],[257.0809439169113,124.69724697246974],[255.92919714205928,122.76922769227694],[259.12299801465497,121.27321273212733],[257.2222625395925,118.78518785187853],[259.935580095072,117.55317553175533],[261.84338150126854,117.64117641176414],[267.35480778583633,119.72119721197214],[267.5031923396516,122.60122601226014],[266.72593991490487,124.49724497244974],[265.2562262390201,125.15325153251534],[266.6976761903686,125.94525945259454],[267.14989578294853,127.93727937279374]]]]}},{"type":"Feature","properties":{"ten_tinh":"Hậu Giang","density":476},"geometry":{"type":"Polygon","coordinates":[[[218.42323468246224,655.3105531055312],[218.6493444787522,655.4545545455455],[222.09045294104,655.4545545455455],[223.32699088950073,654.5745457454575],[225.83539644209247,656.718567185672],[224.78257270311735,657.7825778257784],[223.24926564702605,665.8146581465816],[216.52956513853383,669.9426994269944],[214.9679943579063,671.3827138271383],[210.50939181231365,672.238722387224],[209.08913965436733,673.6387363873639],[205.02622925228212,673.59873598736],[203.60597709433583,672.9107291072912],[200.87146174545413,673.1667316673168],[202.43303252608166,670.8627086270864],[199.16857234214535,669.278692786928],[198.6880890250292,668.2226822268224],[202.8428565318572,665.5266552665528],[203.5706474386655,662.5746257462575],[207.6547556341529,660.318603186032],[208.4390739900337,657.6305763057632],[210.43166656983897,654.0145401454015],[212.56557777232547,656.3585635856359],[213.9081046877971,654.8945489454895],[215.02452180697878,656.6625666256664],[218.42323468246224,655.3105531055312]]]}},{"type":"Feature","properties":{"ten_tinh":"Hoà Bình","density":181},"geometry":{"type":"Polygon","coordinates":[[[198.13694639657243,118.03318033180334],[201.47206589184933,117.41717417174173],[204.33376800114414,120.80120801208014],[207.0188218320874,122.08922089220894],[210.6860400906652,122.14522145221454],[209.72507345643285,124.50524505245055],[210.94041361149138,125.60125601256014],[209.8805239413822,127.99327993279934],[211.6682045182997,126.45726457264574],[213.5830718556303,127.23327233272335],[213.85157723872462,131.42531425314255],[215.61806002223992,133.57733577335776],[215.01038994471065,134.39334393343935],[216.8051364527622,138.36938369383697],[218.47976213153473,138.37738377383775],[219.75162973566574,140.10540105401057],[220.9811017529924,142.67342673426737],[223.67322151506974,144.44944449444498],[224.12544110764966,147.13747137471375],[222.3518923930003,147.32147321473218],[220.8397831303112,145.52945529455297],[218.88252020617622,146.26546265462656],[219.2499486251474,149.29749297492978],[215.7311149203849,147.72947729477298],[217.80143274266484,151.20151201512016],[215.79470830059145,152.84152841528416],[210.80616091994423,149.72149721497217],[208.92662323828392,150.04150041500418],[207.06121741889177,150.12950129501297],[203.28801019330305,148.84948849488498],[202.3341094902048,149.49749497494977],[199.56426448565279,148.65748657486577],[195.36003546088637,146.49746497464977],[195.7345298109916,145.49745497454975],[193.91858550953788,143.01743017430175],[191.06394933137713,142.46542465424656],[190.33615842456882,141.16941169411697],[186.9303796179513,139.52939529395294],[184.06161157752243,140.36940369403695],[181.16457981255732,137.94537945379454],[181.09392050121673,136.95336953369537],[178.14036128717913,134.91334913349135],[175.71674690819611,135.83335833358336],[175.62488980345333,130.74530745307456],[177.35604293129833,130.09730097300974],[182.9027988715364,132.27332273322736],[182.61309569503987,130.81730817308176],[184.15346868226524,128.46528465284655],[182.95226038947482,127.76927769277694],[183.29849101504382,126.25726257262575],[181.92770037503595,123.24123241232414],[180.203613178325,121.98521985219854],[176.70597726696468,117.21717217172173],[175.97818636015637,114.83314833148333],[178.87521812512148,113.06513065130653],[178.81162474491492,115.34515345153453],[181.19284353709358,115.63315633156333],[186.39336885176263,118.85718857188573],[187.41086293506746,120.54520545205453],[189.3539939969343,121.64921649216494],[192.894025495099,120.98520985209854],[192.53366300726185,122.54522545225454],[194.9148817994405,121.28121281212813],[197.91790253141653,122.34522345223453],[199.46534144977593,121.48121481214814],[198.13694639657243,118.03318033180334]]]}},{"type":"Feature","properties":{"ten_tinh":"Hưng Yên","density":1258},"geometry":{"type":"Polygon","coordinates":[[[236.8017215621555,119.40119401194013],[238.27143523804025,121.07321073210734],[237.01369949617737,128.14528145281454],[238.1159847530909,129.43329433294335],[240.98475279351976,130.92130921309214],[241.4864339040381,132.96132961329616],[243.59914731312242,134.16934169341695],[241.14726920960317,135.58535585355855],[241.49349983517217,136.25736257362576],[237.62843550484067,135.39335393353934],[236.02446913740877,136.20936209362097],[236.48375466112276,137.48937489374896],[233.4312724112083,137.88137881378816],[232.357250878831,136.40136401364015],[232.34311901656287,134.16134161341614],[230.88753720294625,133.19333193331934],[229.61566959881523,133.43333433334334],[229.2058455930397,129.83329833298336],[227.1779233575641,129.00129001290014],[226.49959396869423,126.84926849268494],[227.5806814322056,125.80925809258095],[225.7576711996178,123.57723577235774],[226.5773192111689,122.65722657226574],[226.49959396869423,119.96119961199614],[229.06452697035846,120.27320273202734],[228.88081276087286,119.24119241192413],[230.78154823593533,118.56118561185613],[234.8373927068865,118.29718297182973],[236.8017215621555,119.40119401194013]]]}},{"type":"Feature","properties":{"ten_tinh":"Khánh Hoà","density":236},"geometry":{"type":"MultiPolygon","coordinates":[[[[495.2946802395178,773.239732397324],[495.59851527828243,770.1917019170193],[496.7149323974641,770.8397083970841],[495.2946802395178,773.239732397324]]],[[[503.0248089001808,766.6076660766608],[500.8485021108899,768.1916819168192],[500.94742514676676,767.0636706367064],[503.0248089001808,766.6076660766608]]],[[[620.0154306868327,761.6316163161632],[616.4118058084615,763.519635196352],[613.2886642472064,766.6556665566657],[609.8687535783207,767.5916759167593],[609.8192920603823,766.2476624766249],[612.2853020261697,766.8476684766848],[616.2775531169143,763.2876328763289],[618.8707498431148,761.4956149561497],[620.0154306868327,761.6316163161632]]],[[[443.36715233530174,759.2875928759289],[444.9569868404655,757.079570795708],[445.45866795098385,758.4315843158432],[443.36715233530174,759.2875928759289]]],[[[635.0305343467128,751.5515155151553],[632.7129089347408,753.0955309553096],[630.6213933190586,753.039530395304],[633.4830954283534,750.8555085550856],[635.0305343467128,751.5515155151553]]],[[[608.7664683214072,748.959489594896],[610.9710388352343,751.8875188751889],[607.6217874776893,749.5994959949601],[608.7664683214072,748.959489594896]]],[[[452.04411576792893,746.8874688746888],[451.22446775637786,749.6074960749609],[449.973797945649,748.5434854348545],[450.1080506371962,746.5194651946521],[452.04411576792893,746.8874688746888]]],[[[647.508968729465,741.7434174341745],[649.2966493063825,741.7994179941801],[650.971274985155,743.3434334343344],[650.8158245002056,745.0074500745009],[649.1129350968969,743.5274352743528],[643.474322051916,743.4794347943481],[642.4497620374772,744.8554485544856],[636.9383357529093,745.1834518345185],[639.319554545088,744.0154401544016],[646.4561449904899,741.479414794148],[647.508968729465,741.7434174341745]]],[[[581.6827542845505,739.239392393924],[580.2836999200064,741.6874168741689],[576.4045037274067,745.6634566345665],[578.86344776206,740.9674096740969],[581.513171937333,738.3113831138312],[581.6827542845505,739.239392393924]],[[578.0861953373133,743.3834338343385],[580.4815459917601,741.1674116741168],[581.0468204824849,739.3993939939401],[579.2167443187631,741.0154101541017],[578.0861953373133,743.3834338343385]]],[[[669.8797066999028,731.4393143931441],[670.5297723642365,732.19932199322],[673.7801006859047,732.7033270332704],[673.3773426112632,733.3353333533337],[669.7949155262941,733.1113311133113],[668.5442457155652,731.559315593156],[669.8797066999028,731.4393143931441]]],[[[621.7536497458118,714.439144391444],[622.5167703082903,716.9511695116952],[621.0470566324057,717.8071780717809],[620.5029799350829,713.8871388713889],[621.7536497458118,714.439144391444]],[[621.1177159437462,717.2951729517296],[622.1493418893192,716.7991679916801],[620.8350786983838,714.9031490314904],[621.1177159437462,717.2951729517296]]],[[[609.9111491651252,709.7670976709768],[614.2425649503047,710.4071040710407],[615.5709600035082,713.1111311113112],[612.77285127442,712.8551285512856],[607.7701720315046,710.2071020710208],[609.9111491651252,709.7670976709768]],[[612.9777632773076,712.5671256712568],[615.1893997222688,712.7831278312784],[612.7163238253474,710.3911039110392],[609.3388087432662,710.039100391004],[609.5295888838858,711.0071100711008],[612.9777632773076,712.5671256712568]]],[[[544.8197915581529,709.3990939909401],[549.2077347924051,710.2631026310264],[544.0849347202106,711.1031110311104],[543.3783416068045,709.279092790928],[544.8197915581529,709.3990939909401]]],[[[722.7611353072172,706.0150601506016],[722.0757399872132,707.7110771107712],[720.7120152783394,708.0470804708048],[721.4468721162817,706.079060790608],[722.7611353072172,706.0150601506016]]],[[[598.4926044524822,703.4070340703408],[595.3482650978249,704.7430474304743],[595.8004846904048,703.8150381503816],[598.4926044524822,703.4070340703408]]],[[[681.665679831517,681.8548185481856],[682.3793388760572,684.4708447084472],[680.8107021642955,684.9268492684928],[680.393812227386,683.5908359083592],[681.665679831517,681.8548185481856]]],[[[567.5862216720983,668.9826898268983],[562.4351578753676,672.7907279072791],[559.2272251405038,674.278742787428],[561.8628174535087,670.1827018270184],[563.6716958238284,668.5666856668568],[561.205685858041,672.2227222272223],[563.155882851042,672.0227202272024],[567.2470569776634,668.6386863868639],[567.5862216720983,668.9826898268983]]],[[[733.8051856697549,666.2066620666208],[735.6564596268789,666.078660786608],[737.2180304075065,667.6946769467695],[732.6605048260369,666.6706667066671],[733.8051856697549,666.2066620666208]]],[[[702.9270666139073,663.518635186352],[702.2134075693671,666.5506655066552],[700.7790235491526,669.7826978269784],[701.1464519681239,666.6946669466696],[700.7436938934824,664.6866468664688],[701.9166384617365,663.0866308663087],[702.9270666139073,663.518635186352]],[[701.1817816237941,667.9426794267944],[702.6302975062766,664.1826418264184],[701.0192652077108,664.8226482264823],[701.1817816237941,667.9426794267944]]],[[[686.4705130026787,657.1425714257143],[688.0532815767084,658.4065840658408],[686.4987767272149,659.8145981459816],[684.7393598748337,659.5505955059551],[684.1387557284385,657.7345773457736],[686.4705130026787,657.1425714257143]],[[684.8241510484423,659.3265932659327],[686.5623701074214,659.6145961459615],[687.2406994962913,657.5825758257583],[684.435524836069,657.6545765457655],[684.8241510484423,659.3265932659327]]],[[[644.4352886861483,653.8705387053872],[643.8417504708872,656.1825618256183],[643.3047397046986,654.3505435054351],[644.4352886861483,653.8705387053872]]],[[[605.3465576525216,653.478534785348],[605.1345797184997,647.3344733447335],[606.1167441461342,647.9824798247984],[605.3465576525216,653.478534785348]]],[[[675.2639462240575,644.2624426244263],[674.2111224850823,645.518455184552],[674.0132764133286,643.5264352643527],[675.2639462240575,644.2624426244263]]],[[[731.975109506033,639.9983999839999],[730.4841980367461,638.7743877438775],[731.7136700540727,637.2943729437295],[733.0420651072762,639.0063900639008],[731.975109506033,639.9983999839999]]],[[[646.0887165715187,637.7663776637767],[644.5836732399637,639.2943929439296],[643.9830690935684,638.0223802238023],[646.8518371339973,635.6783567835679],[646.0887165715187,637.7663776637767]]],[[[638.860269021374,638.2943829438295],[638.7542800543631,636.3263632636327],[640.1604003500413,634.8143481434815],[638.860269021374,638.2943829438295]]],[[[698.6380464155321,628.0942809428095],[698.1292993738797,630.7183071830719],[696.6807834913972,631.6623166231664],[694.6599271870556,630.4383043830439],[696.1508386563426,628.0622806228063],[698.6380464155321,628.0942809428095]]],[[[751.2156399840818,627.3182731827319],[752.6782877288324,626.8622686226863],[752.7348151779049,628.3422834228343],[750.890607151915,629.2542925429256],[749.7600581704652,627.1982719827199],[751.2156399840818,627.3182731827319]]],[[[716.3594016997577,624.7102471024712],[715.6810723108878,624.6542465424656],[715.8435887269712,619.2061920619207],[717.899774686983,623.0222302223023],[716.3594016997577,624.7102471024712]]],[[[739.592183268551,616.6541665416655],[737.6066566198798,615.6941569415695],[737.9034257275104,614.1021410214103],[740.1715896215441,616.2301623016231],[739.592183268551,616.6541665416655]]],[[[701.8742428749322,615.8301583015831],[703.1885060658675,620.3262032620327],[701.6269352852399,618.7661876618768],[700.9132762406998,616.0461604616047],[699.2669142864636,616.1421614216143],[700.3126720943046,622.638226382264],[701.1535178992578,622.6942269422696],[699.7050020167753,625.1502515025151],[698.7087057268727,618.318183181832],[698.8005628316155,616.0061600616007],[700.2208149895619,613.8621386213863],[701.8742428749322,615.8301583015831]]],[[[656.6522836169402,612.1021210212103],[655.1472402853851,612.2461224612247],[657.3376789369441,610.3661036610367],[656.6522836169402,612.1021210212103]]],[[[617.2102560266104,609.7420974209743],[617.0689374039291,609.8700987009871],[615.2388612402073,610.0141001410014],[616.701508984958,608.6380863808639],[617.2102560266104,609.7420974209743]]],[[[723.8351568395944,586.8298682986831],[724.8950465097037,583.1178311783118],[725.7146945212547,583.549835498355],[723.8351568395944,586.8298682986831]]],[[[644.4635524106845,582.0378203782038],[642.9161134923252,582.3578235782359],[642.3932345884047,586.4618646186462],[642.1317951364443,583.2618326183263],[642.7959926630461,581.6298162981631],[644.4635524106845,582.0378203782038]]],[[[717.2143793669791,583.8698386983871],[716.9176102593485,583.0618306183062],[718.8607413212153,581.1978119781198],[717.2143793669791,583.8698386983871]]],[[[726.3718261167224,581.8538185381855],[725.6934967278526,581.5578155781559],[727.5447706849766,578.4617846178462],[726.3718261167224,581.8538185381855]]],[[[721.0794436973106,580.7338073380735],[720.5706966556581,580.2378023780238],[724.2167171208338,576.9577695776959],[724.6618707822796,577.5817758177583],[721.0794436973106,580.7338073380735]]],[[[727.5094410293063,574.6537465374654],[726.8381775715704,573.9497394973951],[728.9579569117889,572.5817258172583],[727.5094410293063,574.6537465374654]]],[[[731.0636043897391,573.6777367773678],[729.8270664412784,571.3577135771359],[731.275582323761,569.1336913369134],[731.5935492247937,572.2377223772238],[731.0636043897391,573.6777367773678]]],[[[387.25659319972146,546.4134641346415],[389.0725375011752,546.4134641346415],[389.9275151683966,548.0054800548006],[387.4615052026092,548.669486694867],[385.5325060030105,547.2374723747238],[387.25659319972146,546.4134641346415]]],[[[390.50692152138964,527.1252712527127],[392.280470236039,527.2932729327295],[393.63712901377875,530.5013050130502],[392.8669425201661,530.789307893079],[388.6697794265337,527.9172791727918],[390.50692152138964,527.1252712527127]]],[[[383.22901245330655,566.4856648566487],[380.45210151762046,566.829668296683],[378.3464540396702,566.3016630166302],[375.781521038006,561.8616186161862],[373.2731154854143,561.4616146161462],[369.8037432985902,559.709597095971],[368.84277666435787,559.9335993359934],[366.62407428826265,558.2135821358214],[366.9632389826976,556.7015670156702],[364.3347126008268,555.2375523755238],[364.80106405567483,554.5015450154502],[363.57865796948226,551.4215142151422],[363.8683611459788,549.8134981349814],[360.9783953121477,549.5734957349574],[359.62880246554204,545.8214582145822],[359.79131888162544,542.6934269342694],[358.65370396904154,542.1014210142102],[359.05646204368304,539.3253932539326],[358.1590887896573,536.9573695736958],[360.3777911657525,534.0453404534046],[361.2680984886442,534.429344293443],[363.430273415667,533.0053300533006],[367.71929361404216,535.4933549335494],[367.18934877898755,533.5653356533566],[368.95583156250285,530.3173031730317],[367.4154585752775,528.669286692867],[369.0194249427094,527.1812718127183],[369.23140287673124,524.949249492495],[371.1745339385981,523.8532385323854],[372.8774233419068,524.4612446124462],[373.5416208685086,523.3172331723318],[375.91577372955317,521.3652136521366],[377.9860915518331,521.5332153321534],[379.56179419472875,518.8131881318814],[380.741804694117,519.709197091971],[381.6815735349471,517.6371763717638],[384.79058323393406,518.1571815718158],[386.11191235600353,516.9251692516926],[387.5392304450839,517.2131721317214],[391.4042947754154,515.5251552515526],[392.47125037665865,516.6771667716678],[390.95914111396957,517.7571775717757],[391.3689651197451,520.0132001320014],[394.29426060924646,525.109251092511],[395.57319414451155,525.1172511725118],[393.69365646285127,529.1732917329174],[392.52777782573116,527.0532705327054],[393.34742583728223,524.9972499724998],[390.8460862158246,523.8532385323854],[391.99783299067656,523.2612326123262],[390.8884818026289,518.8051880518806],[389.50355930035295,519.0051900519006],[386.1189782871376,523.2612326123262],[384.8259128896044,523.8452384523846],[382.6708038937157,527.509275092751],[383.8225506685677,530.4133041330414],[385.00256116795595,528.709287092871],[385.36292365579305,532.869328693287],[387.9207907263232,534.3653436534366],[387.87839513951883,536.949369493695],[390.21015241375903,538.0213802138022],[388.36594438776905,538.9973899738998],[388.20342797168564,540.3254032540326],[386.47227484384064,540.0214002140023],[385.1509457217712,537.4933749337495],[382.3811007172192,535.3813538135382],[380.69234317617855,537.629376293763],[383.50458376753494,538.629386293863],[383.59644087227775,541.1734117341174],[385.49011041620616,542.5974259742599],[383.71656170155677,543.4374343743439],[383.34913328258557,545.9734597345974],[384.2465065366114,547.1974719747199],[383.4127266627921,549.4614946149462],[384.4514185394991,549.9734997349974],[383.2572761778428,551.7815178151782],[383.6105727345459,554.5015450154502],[385.68795648795987,558.3255832558326],[387.47563706487733,559.5735957359574],[386.2249672541485,561.2936129361294],[387.29192285539176,563.3496334963351],[385.92819814651796,564.4456444564446],[383.58937494114366,563.0696306963071],[384.18997908753886,558.6055860558606],[383.4551222495965,555.3255532555327],[382.2539139568061,553.2215322153222],[382.18325464546547,555.2535525355254],[383.7730891506293,558.149581495815],[381.6886394660812,561.949619496195],[380.56515641576544,561.7016170161702],[379.20849763802573,564.5976459764598],[380.7983321431895,566.1736617366174],[382.82625437866506,563.3656336563366],[383.22901245330655,566.4856648566487]]]]}},{"type":"Feature","properties":{"ten_tinh":"Kiên Giang","density":280},"geometry":{"type":"MultiPolygon","coordinates":[[[[166.43211339803963,663.3746337463375],[164.53844385411122,663.4306343063431],[165.53474014401388,662.2546225462255],[166.43211339803963,663.3746337463375]]],[[[136.7975982217868,633.8863388633887],[138.79725673272614,635.6543565435655],[139.17881701396544,641.8624186241864],[136.77640042838465,647.1344713447136],[136.18286221312349,649.6384963849639],[137.34167491910955,650.4065040650407],[135.72357668940953,653.2145321453215],[134.86153309105404,651.4065140651408],[133.07385251413655,642.7984279842799],[131.32150159288938,639.9103991039912],[128.43860169019237,638.9423894238943],[127.357514226681,636.0623606236063],[127.92278871740591,635.5583555835559],[131.4769520778387,636.4303643036432],[133.97122576816233,632.6943269432695],[135.5045328242536,632.1503215032151],[136.7975982217868,633.8863388633887]]],[[[172.44522079312577,628.7582875828759],[172.4381548619917,630.2783027830279],[176.58585643768564,636.6623666236663],[183.10064494329012,638.2223822238224],[189.0430930270356,641.5744157441575],[192.84456397716056,644.9104491044911],[194.06697006335315,643.6784367843679],[193.79139874912477,644.0704407044071],[197.2466390736807,647.0864708647088],[198.15107825884056,646.9424694246943],[200.04474780276897,649.7824978249783],[208.4390739900337,657.6305763057632],[207.6547556341529,660.318603186032],[203.5706474386655,662.5746257462575],[202.8428565318572,665.5266552665528],[198.6880890250292,668.2226822268224],[199.16857234214535,669.278692786928],[202.43303252608166,670.8627086270864],[200.87146174545413,673.1667316673168],[196.68843051408987,672.9747297472976],[198.51144074667766,675.0307503075031],[198.76581426750388,676.4307643076431],[197.26077093594884,677.638776387764],[197.1194523132676,680.9508095080952],[195.52961780810384,682.6308263082632],[183.1571723923626,674.9667496674967],[180.42972297461495,676.1907619076192],[179.06599826574114,674.7427474274743],[177.35604293129833,678.0547805478055],[175.13027462406905,676.2947629476296],[176.2325598809826,667.2146721467216],[178.23221839192192,660.9506095060951],[180.9172722228652,660.7506075060752],[183.8496336435006,657.6945769457695],[186.44283036970108,656.1425614256143],[187.933741838988,657.1345713457135],[186.548819336712,653.1265312653128],[183.47513929339536,649.9024990249903],[181.45428298905384,648.9504895048951],[178.49365784388218,649.6064960649608],[177.06633975480182,649.1184911849119],[174.550868271076,645.3024530245303],[171.7456936108537,643.1024310243104],[169.69657358197594,643.0064300643007],[167.5555964483554,644.7264472644728],[165.8173773893763,647.1504715047151],[164.39712523143,645.9024590245904],[163.33016963018676,641.9264192641928],[161.25278587677275,639.7103971039711],[158.08724872871332,635.3343533435335],[156.55394167262205,636.2223622236223],[156.22890884045523,633.4383343833439],[158.9280945336666,633.9663396633968],[161.49302753533084,631.6703167031671],[161.76859884955923,630.0143001430015],[164.2346088153466,627.7742777427775],[168.3893763221746,627.8382783827839],[172.44522079312577,628.7582875828759]]]]}},{"type":"Feature","properties":{"ten_tinh":"Kon Tum","density":52},"geometry":{"type":"Polygon","coordinates":[[[337.5760313961369,410.6681066810669],[339.01041541635135,412.9641296412965],[341.2008540679103,414.89214892148925],[341.63187586708807,416.51616516165166],[343.66686403369766,418.0681806818069],[345.15070957185054,420.7002070020701],[348.1537303038266,422.40422404224046],[349.7576966712585,421.90021900219006],[351.3899267632266,424.1882418824189],[349.90608122507376,426.74826748267486],[350.66920178755237,427.5002750027501],[349.1994881116676,430.36430364303646],[351.1355532424004,430.4443044430445],[352.31556374178865,432.1723217232173],[351.3757949009585,433.7803378033781],[349.4821253570301,434.3243432434325],[347.0302472535108,433.6763367633677],[345.35562157473834,431.6923169231693],[343.25704002792213,432.6123261232613],[344.4441164584444,435.1483514835149],[340.126832535533,440.9484094840949],[340.33174453842076,441.7564175641757],[337.78800933015873,441.5164151641517],[333.48485726951543,443.7884378843789],[331.7466382105364,443.0924309243093],[329.047452517325,447.8364783647837],[328.1147496076289,447.2924729247293],[326.9276731771066,448.94848948489494],[324.3062127263699,449.6284962849629],[321.2537304764554,447.1964719647197],[319.02796216922616,447.3644736447365],[318.4768195407694,449.2604926049261],[314.59762334816975,450.88450884508853],[311.29783350856314,449.9964999649997],[309.8775813506168,452.76452764527653],[309.545482587316,457.3405734057341],[307.7719338726666,457.63657636576374],[307.0229451724561,459.43659436594373],[303.3910565695486,460.02060020600214],[303.5253092610958,461.54061540615413],[301.05223336417436,462.76462764627655],[300.40216769984073,464.4046440464405],[299.8015635534455,460.86860868608693],[296.855070270542,461.2366123661237],[295.4842796305341,459.62859628596294],[296.7066857167267,456.9165691656917],[294.4597196160952,455.0525505255053],[297.7665753868359,449.42849428494293],[297.8443006293105,446.5564655646557],[297.15183937817255,444.8684486844869],[298.5791574672529,442.6684266842669],[298.706344227666,440.5404054040541],[301.78002427098266,440.9964099640997],[302.77632056088527,435.9883598835989],[303.8432761621285,433.7803378033781],[303.1720127043927,432.30032300323006],[305.18580307760016,427.30827308273086],[305.051550386053,425.8362583625837],[302.6703315938744,422.4202242022421],[306.5848574421443,418.6921869218693],[306.3092861279159,417.4041740417405],[301.37020026520713,414.42014420144204],[301.1158267443809,411.1801118011181],[304.4509462396578,409.82009820098205],[306.1397037806984,410.7801078010781],[308.1322963605037,409.61209612096127],[307.08653855266266,407.88407884078845],[308.3442742945256,404.95604956049567],[306.3304839213181,402.58802588025884],[308.1110985671015,401.8120181201813],[307.84965911514126,398.24398243982444],[308.747032369167,396.69196691966926],[307.5528900075107,395.85995859958604],[307.07240669039453,393.51593515935167],[308.23828532751463,392.0519205192052],[310.0259659044321,393.45993459934607],[310.124888940309,394.9719497194973],[312.26586607392954,397.45997459974603],[313.2480305015641,397.2439724397245],[313.63665671393744,401.07601076010764],[321.091214060372,402.77202772027726],[322.7729056702786,402.04402044020446],[323.861059064924,403.6920369203693],[326.1928163391642,404.82004820048206],[324.9916080463738,408.91608916089166],[323.9175865139965,409.76409764097644],[325.57101439936685,412.16412164121647],[328.30552974824855,412.5241252412525],[330.4677046752713,414.61214612146125],[333.3576705091023,413.99613996139965],[333.8310878950844,413.0521305213053],[333.2728793354936,409.8280982809829],[334.9192412897299,409.45209452094525],[337.5760313961369,410.6681066810669]]]}},{"type":"Feature","properties":{"ten_tinh":"Lai Châu","density":48},"geometry":{"type":"Polygon","coordinates":[[[112.72397084804018,39.616396163961646],[114.86494798166073,40.54440544405445],[115.97429916970835,43.128431284312846],[114.05943183237775,45.80045800458005],[117.34508980971623,49.48049480494806],[122.39016463943595,48.528485284852856],[124.01532880027004,49.72849728497285],[124.82084494955302,51.96051960519606],[124.12131776728096,53.51253512535126],[126.64385518214081,55.41655416554166],[127.7956019569928,58.040580405804064],[131.25790821268282,62.03262032620327],[132.23300670918326,62.15262152621527],[133.20103927454966,69.21669216692167],[134.5576980522894,70.79270792707928],[132.60043512815446,73.19273192731929],[130.14149109350114,73.08873088730888],[130.0355021264902,75.83275832758329],[132.98199540939373,79.08079080790809],[133.70978631620204,80.60080600806009],[133.02439099619812,81.9928199281993],[131.28617193721905,82.2728227282273],[131.56174325144744,83.9688396883969],[129.6398099829828,84.5928459284593],[127.58362402297097,83.65683656836569],[127.31511863987663,81.8648186481865],[125.92313020646657,82.00882008820089],[123.75388934830977,78.62478624786249],[120.8144619965403,77.83277832778329],[122.05806587613507,75.12075120751209],[120.17146226334073,73.07273072730729],[118.68761672518787,69.54469544695448],[116.27106827733891,68.54468544685447],[112.63917967443145,67.98467984679847],[111.27545496555763,70.63270632706327],[109.19100528100955,68.58468584685848],[109.93292805008599,67.65667656676568],[108.2724342335816,66.39266392663927],[105.82055613006236,61.40061400614007],[103.48879885582214,61.53661536615367],[101.14997565044787,63.90463904639047],[100.88147026735354,67.23267232672328],[95.74453833289103,65.16865168651687],[94.62812121370935,65.81665816658168],[92.40235290648006,64.08864088640887],[91.81588062235298,65.72065720657207],[89.39226624336996,66.77666776667768],[87.56925601078217,66.58466584665848],[86.9262562775826,67.82467824678248],[84.05042230601967,64.55264552645528],[80.70117094847464,66.00066000660007],[76.91383186061782,64.81664816648167],[75.2957336309178,62.52062520625207],[75.78328287916803,58.864588645886464],[74.65979982885229,57.37657376573767],[71.42360336945224,56.568565685656864],[73.13355870389506,58.90458904589047],[72.11606462059024,60.81660816608167],[69.37448334057449,59.35259352593527],[69.32502182263605,57.48057480574806],[67.2193743446858,56.256562565625664],[65.75672659993512,57.128571285712866],[60.96602529104161,51.104511045110456],[58.35869670257301,48.896488964889656],[58.21737807989179,45.91245912459125],[56.52862053885115,44.824448244482454],[55.16489582997733,41.968419684196846],[56.79712592194548,41.05641056410565],[59.065289815979135,37.776377763777646],[58.09725725061275,35.42435424354244],[60.63392652774073,34.34434344343444],[61.40411302135341,31.688316883168834],[64.14569430136916,30.592305923059236],[66.94380303045742,34.17634176341764],[68.75268140077709,32.776327763277635],[71.1409661240898,34.91234912349124],[72.60361386884047,34.24034240342404],[77.36605145319774,38.04838048380484],[79.18906168578555,38.120381203812045],[81.64800572043885,39.76839768397684],[81.71866503177947,41.47241472414725],[84.16347720416465,45.16845168451685],[86.85559696624199,45.32845328453285],[88.98244223759443,47.176471764717654],[91.36366102977306,46.76846768467685],[91.37779289204119,43.97643976439765],[93.37038547184645,43.33643336433365],[96.2956809613478,41.38441384413845],[95.09447266855739,39.672396723967246],[96.35927434155435,37.240372403724045],[98.38719657702993,37.072370723707245],[101.10051413250943,35.16035160351604],[101.19237123725225,32.58432584325843],[103.12137043685095,28.744287442874434],[107.35386318615363,30.536305363053636],[108.59040113461435,31.792317923179237],[108.24417050904535,34.416344163441636],[110.85149909751395,38.41638416384164],[112.72397084804018,39.616396163961646]]]}},{"type":"Feature","properties":{"ten_tinh":"Lâm Đồng","density":132},"geometry":{"type":"Polygon","coordinates":[[[360.9783953121477,549.5734957349574],[358.3357370680088,551.5175151751519],[360.1022198515241,554.8695486954871],[357.94711085563546,558.9735897358975],[357.34650670924026,564.9016490164903],[355.80613372201486,566.5976659766599],[358.18028658305946,567.7256772567727],[358.18028658305946,569.6056960569606],[359.66413212121233,571.8137181371815],[358.5194512774944,573.4217342173423],[353.0645524419991,574.6617466174663],[352.5628713314808,576.6297662976631],[354.0679146630358,578.829788297883],[352.14598139457115,581.1018110181103],[350.3724326799218,580.2858028580287],[346.75467593928244,580.7818078180783],[346.0268850324741,580.1658016580167],[343.14398512977715,581.2378123781239],[341.05246951409504,580.2138021380215],[339.088140658826,581.309813098131],[338.56526175490546,583.0618306183062],[340.89701902914567,585.5978559785599],[334.86271384065736,590.9339093390935],[333.3930001647726,591.1819118191182],[329.0827821729953,593.8459384593847],[327.5141454612337,589.8698986989871],[322.5044002871843,588.2298822988231],[316.81632572426497,587.7178771787719],[313.0219207052741,588.1418814188143],[312.5979648372304,589.3178931789319],[310.6336359819614,589.8938989389894],[307.44690104049977,588.9258892588927],[305.66628639471634,587.149871498715],[304.42974844625564,587.9658796587967],[304.01992444048005,588.5018850188503],[301.80122206438483,586.4058640586406],[301.129958606649,584.5978459784599],[299.0172451975647,584.4218442184423],[300.9391784660294,582.4938249382494],[298.04214670106427,580.1578015780159],[296.28979577981704,580.7898078980791],[295.53374114847253,577.6457764577647],[294.53037892743583,579.2617926179263],[292.68617090144585,577.4777747777479],[292.9476103534061,575.7977579775799],[291.40723736618077,574.9177491774918],[292.14209420412317,570.6217062170623],[297.1165097225022,568.6536865368654],[298.3247839464267,569.5016950169503],[300.7201346008735,568.8296882968831],[301.5397826124246,567.349673496735],[304.78304500295866,567.4856748567487],[308.00510960009063,565.149651496515],[308.49265884834085,563.9096390963911],[310.6689656376317,562.8936289362895],[310.58417446402296,561.6056160561607],[312.2376023493933,561.1576115761159],[313.6578545073396,563.5336353363534],[316.03907329951824,564.2136421364214],[320.6389944677921,563.4936349363494],[320.8863020574843,566.0296602966031],[322.2924223531624,567.1656716567167],[323.6985426488406,565.9256592565927],[325.238915636066,567.4456744567447],[329.3724853494918,565.4056540565406],[331.4498691029058,562.3896238962391],[326.58850848267167,556.069560695607],[326.6521018628782,554.8695486954871],[324.3980698311127,554.2055420554207],[325.62047591730527,551.6295162951631],[327.9663650538136,550.469504695047],[331.5558580699167,550.3575035750358],[331.59825365672106,548.509485094851],[334.1137251404469,547.9014790147902],[335.0040324633386,548.9574895748958],[336.98955911200983,548.5574855748558],[337.58309732727093,549.5254952549526],[338.60765734170985,547.6934769347694],[340.5507884035767,547.3414734147342],[343.2923696835924,545.1014510145102],[344.6490284613322,545.7014570145702],[348.08307099248594,544.1414414144142],[349.68703735991784,542.6774267742678],[350.45722385353054,543.9734397343974],[352.18837698137554,543.0534305343054],[354.6967825339673,543.9974399743999],[357.67153954140707,543.1334313343134],[358.65370396904154,542.1014210142102],[359.79131888162544,542.6934269342694],[359.62880246554204,545.8214582145822],[360.9783953121477,549.5734957349574]]]}},{"type":"Feature","properties":{"ten_tinh":"Lạng Sơn","density":92},"geometry":{"type":"Polygon","coordinates":[[[257.78047109918333,48.09648096480966],[258.7697014579519,50.208502085020854],[257.46250419815055,51.88051880518806],[262.2249417825078,52.60852608526086],[264.2457980868494,57.952579525795265],[262.7548866175624,59.960599605996066],[264.4436441586031,61.35261352613527],[263.6734576649904,62.27262272622727],[264.6344242992227,64.14464144641447],[263.5180071800411,68.84868848688488],[264.1822047066428,71.12871128711288],[265.8921600410856,68.80068800688008],[268.14619207285114,68.92068920689208],[269.2343454674966,70.37670376703768],[271.80634440029485,69.91269912699128],[274.66804650958966,70.48870488704888],[275.13439796443777,72.54472544725448],[277.44495744527575,72.76872768727688],[277.95370448692813,71.64071640716408],[281.3806810869479,72.56872568725689],[281.55732936529944,74.40074400744008],[279.33862698920416,75.92075920759208],[278.73802284280896,77.46477464774648],[282.5960212420064,78.63278632786329],[285.1468223814025,80.88080880808809],[290.3402817649375,83.6968369683697],[292.8557532486633,81.91281912819129],[295.66092790888564,85.8328583285833],[295.7598509447625,88.9688896888969],[292.5024566919602,89.3048930489305],[291.88065475216285,90.6329063290633],[288.22050242471914,91.8329183291833],[289.5065018911183,92.8409284092841],[289.83860065441917,95.8889588895889],[291.1034023274161,98.88098880988811],[290.5381278366912,100.48100481004812],[288.94829333152745,99.54499544995451],[286.6377338506894,100.64100641006411],[283.24608690634,100.06500065000651],[279.9674948601356,102.58502585025852],[277.9607704180622,100.90500905009051],[277.6640013104317,96.9129691296913],[274.244090641546,97.34497344973451],[273.18420097143684,94.3689436894369],[271.06442163121847,94.21694216942171],[272.06071792112107,92.2249222492225],[271.02202604441413,90.95290952909531],[268.20271952192365,90.1209012090121],[266.72593991490487,91.8809188091881],[264.0974135330341,90.2489024890249],[262.6842273062218,88.5048850488505],[258.0277786888755,88.8568885688857],[254.9611645766929,92.7129271292713],[255.59003244762434,93.9849398493985],[253.09575875730073,96.95296952969531],[250.07860616305658,97.51297512975131],[248.8350022834618,99.15299152991531],[246.34072859313818,98.48098480984811],[246.27006928179756,96.44896448964491],[244.23508111518794,96.22496224962251],[244.47532277374603,94.32894328943291],[242.40500495146608,94.7609476094761],[238.80138007309483,93.3049330493305],[238.82257786649703,89.1528915289153],[239.56450063557347,88.7448874488745],[239.86126974320402,86.7288672886729],[241.5076316974403,85.0328503285033],[242.08703805043334,83.0088300883009],[236.1304581044197,79.97679976799769],[235.26841450606423,78.0887808878089],[236.858249011228,72.88072880728808],[235.44506278441577,72.21672216722168],[236.0739306553472,71.02471024710248],[235.48745837122013,65.73665736657368],[238.15838033989527,65.13665136651368],[239.3737204949538,62.73662736627367],[241.71960963146213,60.57660576605767],[241.3239174879547,58.832588325883265],[242.4544664694045,55.90455904559046],[240.29935747351584,53.72853728537286],[241.23912631434598,51.88851888518886],[239.5574347044394,49.96049960499606],[240.33468712918614,47.76047760477606],[242.28488412218704,46.36046360463605],[247.18864032922554,49.79249792497926],[248.00828834077663,51.46451464514646],[249.63345250161072,50.64050640506406],[252.318506332554,51.448514485144855],[254.00726387359464,50.86450864508646],[254.1768462208121,49.23249232492326],[255.4911094117475,49.42449424494246],[257.78047109918333,48.09648096480966]]]}},{"type":"Feature","properties":{"ten_tinh":"Lào Cai","density":108},"geometry":{"type":"Polygon","coordinates":[[[151.57246022310886,33.92033920339204],[152.68887734229054,35.78435784357844],[154.30697557199056,35.41635416354164],[154.9570412363242,37.50437504375044],[157.21107326808973,38.75238752387524],[157.51490830685435,40.68840688406885],[155.56471131385348,40.728407284072844],[155.07009613446917,42.98442984429845],[157.9247323126299,45.17645176451765],[156.7447218132417,46.25646256462565],[158.67372101284042,48.336483364833654],[162.76489513946188,51.64851648516486],[162.87795003760687,54.20854208542086],[161.21745622110245,55.50455504555046],[161.72620326275486,57.184571845718466],[163.29483997451646,56.72856728567287],[165.16731172504268,60.62460624606247],[163.13232355843303,60.384603846038466],[162.2420162355413,64.79264792647928],[155.1195576524076,59.26459264592647],[153.6427780453888,60.416604166041665],[154.69560178436393,63.352633526335275],[153.41666824909885,65.77665776657767],[155.13368951467572,67.90467904679048],[155.66363434973033,72.36072360723608],[152.26492147424688,75.27275272752729],[150.78814186722806,73.20873208732088],[145.474561654414,71.67271672716728],[146.3154074593673,73.84873848738488],[144.45000163997514,74.67274672746728],[139.55331136407068,73.35273352733529],[135.81543379415228,73.17673176731768],[134.5576980522894,70.79270792707928],[133.20103927454966,69.21669216692167],[132.23300670918326,62.15262152621527],[131.25790821268282,62.03262032620327],[127.7956019569928,58.040580405804064],[126.64385518214081,55.41655416554166],[124.12131776728096,53.51253512535126],[124.82084494955302,51.96051960519606],[124.01532880027004,49.72849728497285],[122.39016463943595,48.528485284852856],[117.34508980971623,49.48049480494806],[114.05943183237775,45.80045800458005],[115.97429916970835,43.128431284312846],[114.86494798166073,40.54440544405445],[112.72397084804018,39.616396163961646],[114.85788205052667,37.33637336373364],[114.40566245794675,34.28834288342884],[118.06581478539047,29.648296482964835],[118.96318803941625,29.952299522995233],[124.25557045882812,34.98434984349844],[129.29357935741376,41.05641056410565],[130.1626888869033,41.01641016410164],[133.59673141805706,44.03244032440325],[135.86489531209074,43.20843208432085],[135.56812620446016,40.560405604056044],[136.53615876982656,38.52838528385284],[137.46179574838857,32.88032880328804],[140.23164075294056,29.56029560295603],[145.5169572412184,27.72027720277203],[148.32213190144068,27.816278162781632],[147.59434099463238,31.104311043110435],[148.64009880247346,32.36832368323684],[151.57246022310886,33.92033920339204]]]}},{"type":"Feature","properties":{"ten_tinh":"Long An","density":332},"geometry":{"type":"Polygon","coordinates":[[[238.41275386072147,606.4860648606486],[238.7519185551564,607.3820738207382],[242.15063143063986,606.2860628606287],[243.78992745374208,606.5260652606527],[244.8992786417897,604.4460444604447],[247.75391481995044,606.0060600606007],[248.5452991069653,607.0860708607087],[250.36124340841903,606.8540685406855],[252.37503378162648,608.4140841408415],[256.3178233544327,610.3341033410335],[254.64319767566013,615.9421594215943],[252.95444013461952,617.2701727017271],[255.55470279195404,618.9181891818919],[257.34238336887154,622.4782247822479],[259.6529428497096,622.0142201422015],[261.313436666214,623.6702367023671],[263.4402819375664,622.1822218222183],[265.61658872685723,623.3742337423375],[266.46450046294456,628.5262852628528],[265.8426985231472,629.8462984629847],[263.3060292460192,632.5743257432575],[261.24277735487334,630.6703067030671],[260.59977762167375,632.0463204632047],[257.42717454248026,633.9023390233904],[256.0210542468021,632.8863288632887],[253.65396731689157,634.6463464634647],[250.5096279622343,633.0223302233023],[252.41036343729678,632.0463204632047],[249.9867490583138,629.9822998229984],[248.3827826908819,630.2143021430215],[248.3827826908819,628.8382883828839],[246.00156389870324,626.3102631026311],[244.4258612558076,625.4942549425496],[235.58638140709698,626.0462604626047],[235.62877699390134,628.5902859028591],[228.01170323138334,627.9422794227943],[226.4501324507558,627.8302783027831],[222.83944164125052,623.0222302223023],[220.28157457072035,622.0302203022031],[211.4491606531438,613.7661376613767],[212.24761087129272,613.7021370213703],[210.8485565067486,610.8061080610806],[207.64062377188478,609.3340933409335],[206.84923948486994,607.8780787807879],[208.7358430976643,607.8860788607886],[214.92559877110193,606.1980619806199],[217.22202638967184,604.6060460604607],[220.46528878020592,604.1980419804199],[222.10458480330814,607.5740757407575],[224.2596937991968,610.3581035810358],[223.72974896414223,612.2701227012271],[227.4746924651947,613.3261332613326],[228.03996695591957,609.6300963009631],[233.71390965657076,614.2781427814278],[238.45514944752586,614.5421454214543],[239.84007194980185,615.7261572615727],[239.67048960258438,613.270132701327],[237.21861149906513,609.7180971809719],[237.5719080557682,606.7260672606727],[238.41275386072147,606.4860648606486]]]}},{"type":"Feature","properties":{"ten_tinh":"Nam Định","density":1110},"geometry":{"type":"MultiPolygon","coordinates":[[[[239.5927643601097,144.12144121441216],[241.39457679929532,144.72144721447216],[241.28152190115034,147.68147681476816],[243.8181911782783,148.04948049480495],[244.21388332178574,149.18549185491858],[242.7653674393032,150.92950929509297],[243.99483945662985,151.66551665516658],[246.9554646018015,149.31349313493138],[251.11023210862953,152.85752857528578],[253.4490553140038,153.54553545535458],[255.87973562412085,152.30552305523057],[257.7098117878427,154.15354153541537],[258.2892181408357,154.93754937549377],[253.73169255936625,157.20957209572097],[250.00088092058192,157.93757937579377],[247.78924447562073,159.32959329593297],[241.88212604754554,165.88165881658819],[238.36329234278304,170.1937019370194],[237.34579825947824,169.489694896949],[235.50865616462232,170.6417064170642],[236.19405148462624,165.63365633656338],[237.1479521877245,164.9936499364994],[238.7519185551564,161.4736147361474],[237.99586392381187,156.88156881568818],[235.86195272132537,157.2015720157202],[235.21188705699174,155.32155321553216],[233.25462413285678,157.2015720157202],[232.78827267800872,155.31355313553138],[229.89830684417768,154.92154921549218],[230.01842767345673,153.52953529535299],[227.75732971055714,151.80151801518016],[227.64427481241216,149.80149801498018],[227.74319784828901,148.28948289482898],[229.61566959881523,146.28946289462897],[230.30106491881918,148.05748057480577],[231.70718521449737,147.30547305473056],[232.80947047141092,144.82544825448255],[235.57931547596291,145.39345393453937],[235.51572209575636,143.90543905439057],[236.9642379782389,143.30543305433056],[237.76268819638784,144.80944809448096],[239.5927643601097,144.12144121441216]]]]}},{"type":"Feature","properties":{"ten_tinh":"Nghệ An","density":188},"geometry":{"type":"MultiPolygon","coordinates":[[[[221.39092575876796,202.71402714027144],[219.74456380453168,205.45005450054504],[218.05580626349106,206.77006770067703],[218.21832267957447,211.89811898118984],[215.96429064780892,212.85012850128504],[215.01038994471065,212.28212282122823],[212.79168756861543,215.41015410154105],[212.4525228741805,217.99417994179944],[213.32163240367,221.97021970219706],[217.22202638967184,224.37024370243705],[217.22202638967184,225.77025770257706],[219.22168490061117,228.82628826288266],[218.4868280626688,229.84229842298427],[219.61031111298453,232.33032330323306],[217.589454808643,233.11433114331146],[215.92896099213863,235.45035450354507],[215.858301680798,237.09037090370907],[213.41348950841282,238.26638266382668],[212.4313250807783,237.74637746377468],[208.94075510055205,238.90638906389066],[207.0753492811599,236.13836138361387],[203.76849351041923,237.24237242372428],[200.3839124972039,237.59437594375947],[196.37752954419116,235.44235442354426],[194.0245744765488,237.18637186371868],[192.01078410334134,236.51436514365147],[192.4912674204575,234.61834618346185],[189.41758737714085,232.29032290322905],[189.38932365260462,231.00231002310025],[185.39707256186,231.33831338313385],[183.94855667937745,229.37029370293706],[180.2389428339953,229.80229802298027],[180.04816269337564,228.11428114281145],[178.6703061222337,227.49027490274906],[173.25073694240874,227.61827618276186],[169.7389691687803,226.00226002260027],[169.33621109413883,224.84224842248426],[167.59799203515973,224.99424994249947],[165.28036662318766,222.53022530225306],[162.93447748667933,221.84221842218426],[161.1538628408959,218.21018210182103],[159.04821536294565,216.87416874168744],[156.67406250190106,217.69017690176904],[154.2999096408565,214.16214162141625],[149.91903233773854,212.43412434124343],[148.6542306647416,211.14611146111463],[146.41433049524414,211.53811538115383],[146.12462731874766,209.70609706097065],[143.88472714925024,207.31407314073144],[140.33056378881741,206.57006570065704],[138.74072928365365,204.93804938049382],[135.780104138482,205.54605546055464],[133.47661058877804,204.69804698046983],[131.29323786835312,202.17802178021782],[129.35717273762032,201.37001370013704],[133.00319320279593,199.44999449994503],[134.12667625311167,197.43397433974343],[138.59941066097244,196.58596585965861],[140.23870668407466,191.3059130591306],[140.4506846180965,189.1138911389114],[138.203718517465,186.689866898669],[138.69126776571522,183.4978349783498],[141.84267305150655,184.529845298453],[143.62328769728998,183.2178321783218],[146.52738539338912,182.2738227382274],[149.82717523299573,182.7858278582786],[150.69628476248528,183.52983529835302],[155.49405200251283,182.6658266582666],[155.7060299365347,184.0418404184042],[158.89983080913038,185.0818508185082],[159.5075008866596,186.48986489864902],[162.54585127430596,186.86586865868662],[164.46071861163657,185.89785897858982],[166.17773987721344,186.329863298633],[166.95499230196017,182.6578265782658],[169.82376034238905,179.9617996179962],[175.2998569712865,177.5617756177562],[175.87219739314546,174.2017420174202],[175.56836235438084,171.6017160171602],[178.0343723201682,169.969699696997],[179.02360267893678,168.089680896809],[185.09323752309538,170.81770817708178],[187.44619259073778,170.87370873708738],[191.31125692106926,172.23372233722338],[191.8694654806601,174.8417484174842],[190.15244421508322,175.0017500175002],[189.11375233837623,177.4817748177482],[189.4458511016771,180.5858058580586],[190.76011429261249,181.5778157781578],[190.87316919075747,183.37783377833782],[195.45895849676322,185.64985649856501],[196.40579326872742,189.34589345893463],[195.81932098460032,190.9939099390994],[197.01346334625669,193.70593705937063],[198.92126475245323,190.91390913909143],[202.242252385462,194.93794937949383],[205.9236025063079,195.16995169951701],[207.86673356817474,194.22594225942262],[211.2866442370604,198.87398873988744],[212.67863267047045,198.27398273982743],[215.6745874713124,202.10602106021062],[218.4303006135963,201.16201162011623],[218.69174006555656,202.20202202022023],[221.39092575876796,202.71402714027144]]]]}},{"type":"Feature","properties":{"ten_tinh":"Ninh Bình","density":687},"geometry":{"type":"Polygon","coordinates":[[[224.12544110764966,147.13747137471375],[225.97671506477369,149.40949409494098],[227.64427481241216,149.80149801498018],[227.75732971055714,151.80151801518016],[230.01842767345673,153.52953529535299],[229.89830684417768,154.92154921549218],[232.78827267800872,155.31355313553138],[233.25462413285678,157.2015720157202],[235.21188705699174,155.32155321553216],[235.86195272132537,157.2015720157202],[237.99586392381187,156.88156881568818],[238.7519185551564,161.4736147361474],[237.1479521877245,164.9936499364994],[236.19405148462624,165.63365633656338],[235.50865616462232,170.6417064170642],[233.89762386605634,171.9617196171962],[231.93329501078733,169.369693696937],[233.22636040832052,167.689676896769],[234.16612924915069,164.62564625646257],[228.86668089860476,164.62564625646257],[227.09313218395536,162.84162841628418],[220.90337651051772,159.54559545595458],[218.42323468246224,158.80158801588018],[214.06355517274645,154.45754457544578],[211.46329251541192,152.43352433524336],[209.89465580365032,152.24952249522497],[208.92662323828392,150.04150041500418],[210.80616091994423,149.72149721497217],[215.79470830059145,152.84152841528416],[217.80143274266484,151.20151201512016],[215.7311149203849,147.72947729477298],[219.2499486251474,149.29749297492978],[218.88252020617622,146.26546265462656],[220.8397831303112,145.52945529455297],[222.3518923930003,147.32147321473218],[224.12544110764966,147.13747137471375]]]}},{"type":"Feature","properties":{"ten_tinh":"Ninh Thuận","density":179},"geometry":{"type":"MultiPolygon","coordinates":[[[[383.22901245330655,566.4856648566487],[382.8121225163969,567.3336733367335],[384.9389677877494,569.589695896959],[382.359902923817,573.0057300573006],[380.00694785617463,578.4457844578446],[378.1839376235868,577.269772697727],[376.700092085434,577.4937749377494],[375.7461913823357,574.8777487774878],[374.4460600536684,575.2377523775239],[375.70379579553133,576.6137661376614],[375.5271475171798,579.1337913379134],[374.6085764697518,580.349803498035],[374.8912137151143,588.2138821388214],[370.7152484148841,590.8139081390815],[367.53557940455653,589.5818958189583],[366.4827556655814,587.4458744587447],[362.3350540898875,585.7818578185783],[362.4905045748368,582.9338293382934],[359.5934728098717,583.2378323783239],[358.5194512774944,582.6298262982631],[356.92961677233063,579.0937909379095],[354.0679146630358,578.829788297883],[352.5628713314808,576.6297662976631],[353.0645524419991,574.6617466174663],[358.5194512774944,573.4217342173423],[359.66413212121233,571.8137181371815],[358.18028658305946,569.6056960569606],[358.18028658305946,567.7256772567727],[355.80613372201486,566.5976659766599],[357.34650670924026,564.9016490164903],[357.94711085563546,558.9735897358975],[360.1022198515241,554.8695486954871],[358.3357370680088,551.5175151751519],[360.9783953121477,549.5734957349574],[363.8683611459788,549.8134981349814],[363.57865796948226,551.4215142151422],[364.80106405567483,554.5015450154502],[364.3347126008268,555.2375523755238],[366.9632389826976,556.7015670156702],[366.62407428826265,558.2135821358214],[368.84277666435787,559.9335993359934],[369.8037432985902,559.709597095971],[373.2731154854143,561.4616146161462],[375.781521038006,561.8616186161862],[378.3464540396702,566.3016630166302],[380.45210151762046,566.829668296683],[383.22901245330655,566.4856648566487]]]]}},{"type":"Feature","properties":{"ten_tinh":"Phú Thọ","density":391},"geometry":{"type":"Polygon","coordinates":[[[198.51144074667766,93.5689356893569],[199.79037428194275,97.94497944979452],[200.86439581432006,97.1449714497145],[202.03027445144016,98.40098400984012],[201.72643941267552,100.45700457004571],[204.80718538712622,103.33703337033371],[204.04406482464762,105.52105521055212],[202.29171390340042,103.95303953039532],[200.32031911699735,104.20904209042092],[199.2886931714244,108.33708337083372],[197.3031665227532,109.36909369093692],[196.74495796316236,110.69710697106973],[198.27826501925364,112.98512985129852],[197.04172707079292,116.20916209162093],[198.13694639657243,118.03318033180334],[199.46534144977593,121.48121481214814],[197.91790253141653,122.34522345223453],[194.9148817994405,121.28121281212813],[192.53366300726185,122.54522545225454],[192.894025495099,120.98520985209854],[189.3539939969343,121.64921649216494],[187.41086293506746,120.54520545205453],[186.39336885176263,118.85718857188573],[181.19284353709358,115.63315633156333],[178.81162474491492,115.34515345153453],[178.87521812512148,113.06513065130653],[176.02058194696076,111.16911169111692],[176.5222630574791,108.27308273082733],[175.41997780056553,105.58505585055852],[175.54716456097864,103.32103321033212],[174.11278054076422,102.13702137021372],[177.38430665583456,101.68101681016812],[178.76922915811056,96.44896448964491],[176.76957064717124,91.8649186491865],[178.13329535604507,90.72090720907211],[177.69520762573327,88.4408844088441],[180.96673374080362,85.97685976859769],[184.5986223437111,83.9688396883969],[187.70056611156397,84.8888488884889],[187.16355534537533,83.08883088830889],[190.5057407717863,84.89684896848969],[191.50203706168892,84.6488464884649],[194.19415682376626,86.0488604886049],[195.7345298109916,91.4889148891489],[198.51144074667766,93.5689356893569]]]}},{"type":"Feature","properties":{"ten_tinh":"Phú Yên","density":179},"geometry":{"type":"MultiPolygon","coordinates":[[[[392.47125037665865,516.6771667716678],[391.4042947754154,515.5251552515526],[387.5392304450839,517.2131721317214],[386.11191235600353,516.9251692516926],[384.79058323393406,518.1571815718158],[381.6815735349471,517.6371763717638],[380.741804694117,519.709197091971],[379.56179419472875,518.8131881318814],[377.9860915518331,521.5332153321534],[375.91577372955317,521.3652136521366],[373.5416208685086,523.3172331723318],[373.2660495542802,519.6131961319614],[372.3404125757182,517.9811798117981],[367.71929361404216,517.9571795717958],[366.5392831146539,515.9731597315974],[364.12273466680494,515.4931549315494],[362.19373546720624,512.0771207712078],[358.3710667236791,509.67709677096775],[358.65370396904154,509.27709277092777],[359.29670370224113,508.309083090831],[362.27852664081496,507.4930749307494],[361.99588939545254,504.57304573045735],[362.5894276107137,502.55702557025575],[366.26371180042554,501.26101261012616],[367.8464803744552,495.73295732957337],[364.9211848849539,491.90091900919015],[364.0732731488665,486.1648616486165],[361.75564773689445,486.9248692486926],[359.7771870193573,485.54085540855414],[361.98882346431844,481.72481724817254],[363.8047677657722,481.15681156811576],[366.7936566354801,481.55681556815574],[367.82528258105305,483.19683196831977],[369.4999082598256,482.90082900829015],[371.96591822561294,484.05284052840534],[375.1314553736724,483.51683516835175],[376.28320214852437,481.96481964819657],[379.53353047019255,480.74880748807493],[379.6607172306056,478.16478164781654],[381.2293539423672,478.30878308783093],[381.45546373865716,476.2927629276293],[383.5681771477415,475.54875548755496],[385.03082489249215,476.59676596765973],[384.6775283357891,478.06878068780696],[386.5429341551813,480.90880908809095],[385.7798135927027,481.44481444814454],[383.90027591104234,477.65277652776535],[384.11931977619827,479.25279252792535],[386.1048464248695,482.5488254882549],[385.6950224190939,483.67683676836776],[389.1078671568455,486.5568655686557],[388.7545706001424,489.06089060890616],[386.2673628409529,488.53288532885335],[387.85719734611666,487.0368703687038],[385.4123851737315,485.28485284852854],[384.4090229526948,487.46087460874617],[385.31346213785463,488.36488364883655],[384.51501191970567,490.26890268902696],[386.4652089127066,491.84491844918455],[387.9985159687979,491.55691556915576],[386.25323097868477,496.07696076960775],[387.4615052026092,497.90097900979015],[387.16473609497865,495.46095460954615],[388.01264783106603,494.9729497294974],[389.0018781898346,496.77296772967736],[387.9419885197254,498.57298572985735],[387.9137247951891,501.85301853018535],[391.42549256881756,508.07708077080775],[395.67918311152243,513.349133491335],[394.817139513167,514.8771487714878],[392.47125037665865,516.6771667716678]]]]}},{"type":"Feature","properties":{"ten_tinh":"Quảng Bình","density":110},"geometry":{"type":"MultiPolygon","coordinates":[[[[255.09541726824006,267.9706797067971],[252.2831766768837,272.30672306723073],[251.9157482579125,274.3627436274363],[252.89791268554703,277.9227792277923],[254.62199988225797,281.5388153881539],[259.0311409099122,288.5788857888579],[262.26027143817817,293.17093170931713],[266.67647839696644,297.96297962979634],[269.5805760930656,300.44300443004437],[278.052627522805,306.86706867068676],[275.4241011409342,309.50709507095075],[272.1172453701936,311.00311003110033],[271.33292701431276,313.29913299132994],[269.7077628534787,312.93112931129315],[269.1142246382176,315.26715267152673],[268.16738986625336,315.53915539155395],[267.5879835132603,318.25918259182595],[266.2595884600568,318.67518675186756],[263.4968093866389,316.98716987169877],[262.3097329561166,317.92317923179235],[259.73066809218426,317.83517835178355],[258.79796518248816,315.39515395153956],[256.9608230876322,314.97114971149716],[255.38512044473657,316.2511625116252],[251.78856149749942,315.11515115151155],[249.93728754037537,312.32312323123233],[250.62268286037929,311.05111051110515],[248.7078155230487,309.579095790958],[245.2455092673587,304.74704747047474],[246.70815701210938,303.48303483034834],[245.47868499478272,303.0990309903099],[245.35856416550368,300.67500675006755],[243.97364166322768,300.42700427004274],[243.85352083394864,302.09902099020997],[242.02344467022678,302.6830268302683],[235.02110691637208,297.17097170971715],[224.09011145197934,284.66684666846675],[220.80445347464087,282.1548215482155],[218.84012461937184,282.1868218682187],[218.51509178720502,279.6667966679667],[215.26476346553687,275.84275842758433],[215.62512595337398,274.1787417874179],[213.55480813109403,272.97872978729794],[212.05683073067306,271.0827108271083],[213.73145640944557,266.4906649066491],[216.62848817441068,266.3946639466395],[217.97101508988231,264.2986429864299],[220.1967833971116,265.1626516265163],[222.59213405155836,264.4266442664427],[222.09751887217408,263.0986309863099],[224.54233104455926,262.7626276262763],[225.67994595714313,261.6506165061651],[227.58774736333967,261.7146171461715],[228.4780546862314,263.1946319463195],[230.07495512252922,262.8906289062891],[234.4134368388428,266.4906649066491],[232.93665723182403,268.6506865068651],[239.00629207598263,270.1867018670187],[241.46523611063594,269.4426944269443],[244.09376249250673,270.1467014670147],[244.15028994157922,269.2586925869259],[246.96959646406964,266.5626656266563],[251.61191321914788,267.4026740267403],[252.21958329667714,268.4586845868459],[255.09541726824006,267.9706797067971]]]]}},{"type":"Feature","properties":{"ten_tinh":"Quảng Nam","density":141},"geometry":{"type":"MultiPolygon","coordinates":[[[[351.2980696584838,365.5316553165532],[352.011728703024,367.25967259672603],[349.27014742300827,365.21165211652124],[351.2980696584838,365.5316553165532]]],[[[317.52998476880515,360.8036080360804],[319.5649729354148,360.6116061160612],[321.5293017906838,361.939619396194],[324.3415423820402,360.4276042760428],[325.3873001898813,363.09963099631],[323.974113963069,366.2916629166292],[325.4014320521494,367.50767507675084],[328.0935518142267,366.8036680366804],[330.1426718431045,367.1956719567196],[331.32974827362676,366.2276622766228],[332.855989398584,366.9556695566956],[335.01109839447264,365.2916529165292],[336.2547022740674,366.38766387663884],[337.9787894707784,364.8276482764828],[339.9996457751199,365.179651796518],[341.8791834567802,367.37167371673723],[345.5393357842239,369.9156991569916],[346.7829396638187,374.40374403744045],[350.45015792239644,380.3878038780388],[355.2691229558262,386.76386763867646],[357.01440794593935,387.95587955879563],[355.89092489562364,390.1159011590116],[358.123759133987,389.81989819898206],[359.2048465974983,388.70788707887084],[359.4521541871905,390.65990659906606],[361.44474676699576,392.79592795927965],[360.5049779261656,394.0759407594077],[357.3111770535699,394.31594315943164],[354.59079356695634,395.49995499955],[343.6597981025636,397.84397843978445],[341.63187586708807,397.61997619976205],[339.660481080685,400.3240032400324],[340.88995309801163,401.51601516015165],[340.586118059247,403.7720377203773],[337.4276468423216,408.4040840408405],[337.5760313961369,410.6681066810669],[334.9192412897299,409.45209452094525],[333.2728793354936,409.8280982809829],[333.8310878950844,413.0521305213053],[333.3576705091023,413.99613996139965],[330.4677046752713,414.61214612146125],[328.30552974824855,412.5241252412525],[325.57101439936685,412.16412164121647],[323.9175865139965,409.76409764097644],[324.9916080463738,408.91608916089166],[326.1928163391642,404.82004820048206],[323.861059064924,403.6920369203693],[322.7729056702786,402.04402044020446],[321.091214060372,402.77202772027726],[313.63665671393744,401.07601076010764],[313.2480305015641,397.2439724397245],[312.26586607392954,397.45997459974603],[310.124888940309,394.9719497194973],[310.0259659044321,393.45993459934607],[308.23828532751463,392.0519205192052],[305.171671215332,393.0039300393004],[303.2285401534652,392.0279202792028],[303.00243035717523,389.2518925189252],[300.19725569695294,387.77187771877726],[296.71375164786076,388.21988219882206],[295.8658399117734,384.539845398454],[294.1064230593921,381.89181891818924],[292.2975446890725,381.88381883818846],[291.08220453401395,380.29180291802925],[291.6969405426773,378.3717837178372],[290.1424356931838,375.9957599575996],[288.6868538795672,376.28376283762844],[289.42171071750954,374.0917409174092],[288.51020560121566,372.059720597206],[293.54114856866727,369.2276922769228],[297.5616633839481,368.6756867568676],[298.8405969192132,367.0436704367044],[300.76253018767784,362.3876238762388],[301.7729583398486,361.6276162761628],[304.3802869283172,363.0756307563076],[304.88196803883557,361.459614596146],[308.05457111802906,360.4916049160492],[308.04750518689497,361.7716177161772],[312.0044266219693,363.8436384363844],[315.40313949745274,360.3476034760348],[317.52998476880515,360.8036080360804]]]]}},{"type":"Feature","properties":{"ten_tinh":"Quảng Ngãi","density":243},"geometry":{"type":"MultiPolygon","coordinates":[[[[377.80237734234754,432.6683266832669],[376.24080656172,431.42831428314287],[374.742829161299,428.48428484284847],[370.93429228004,426.9482694826949],[368.50361196992293,427.50827508275086],[366.1930524890849,427.0682706827069],[365.57831648042156,427.92427924279247],[362.52583423050714,428.3402834028341],[362.41277933236216,431.8363183631837],[359.4521541871905,431.8043180431805],[356.15943027871793,434.3243432434325],[352.31556374178865,432.1723217232173],[351.1355532424004,430.4443044430445],[349.1994881116676,430.36430364303646],[350.66920178755237,427.5002750027501],[349.90608122507376,426.74826748267486],[351.3899267632266,424.1882418824189],[349.7576966712585,421.90021900219006],[348.1537303038266,422.40422404224046],[345.15070957185054,420.7002070020701],[343.66686403369766,418.0681806818069],[341.63187586708807,416.51616516165166],[341.2008540679103,414.89214892148925],[339.01041541635135,412.9641296412965],[337.5760313961369,410.6681066810669],[337.4276468423216,408.4040840408405],[340.586118059247,403.7720377203773],[340.88995309801163,401.51601516015165],[339.660481080685,400.3240032400324],[341.63187586708807,397.61997619976205],[343.6597981025636,397.84397843978445],[354.59079356695634,395.49995499955],[357.3111770535699,394.31594315943164],[360.5049779261656,394.0759407594077],[361.44474676699576,392.79592795927965],[363.3454822420582,393.45193451934523],[365.74083289650497,391.9719197191972],[365.7196351031028,393.61993619936203],[368.4188207963142,396.41196411964125],[367.73342547631023,397.73197731977325],[369.68362246931116,400.18000180001803],[370.84950110643126,400.2680026800268],[370.5456660676666,401.9800198001981],[368.8922381822963,403.36403364033646],[369.32325998147405,408.47608476084764],[370.1853035798295,411.9081190811909],[372.9410167221134,418.89218892188927],[375.6119386907885,423.7402374023741],[377.5692016149235,426.5402654026541],[377.046322711003,427.34027340273406],[377.80237734234754,432.6683266832669]]]]}},{"type":"Feature","properties":{"ten_tinh":"Quảng Ninh","density":198},"geometry":{"type":"MultiPolygon","coordinates":[[[[295.1663127295013,127.43327433274334],[296.58656488744765,127.04127041270415],[296.5936308185817,128.74528745287455],[295.1663127295013,127.43327433274334]]],[[[294.8695436218708,124.09724097240974],[297.2860920697197,124.68124681246815],[295.15218086723326,125.40125401254014],[294.8695436218708,124.09724097240974]]],[[[304.8749021077015,121.45721457214574],[302.08385930974725,125.29725297252975],[301.88601323799355,124.84124841248415],[305.171671215332,120.33720337203374],[304.8749021077015,121.45721457214574]]],[[[314.3715135518798,117.94517945179453],[315.68577674281516,119.96919969199693],[313.38934912424526,118.37718377183774],[314.3715135518798,117.94517945179453]]],[[[304.4862758953281,118.16918169181693],[304.6558582425456,118.89718897188973],[302.76925462975123,122.64122641226413],[297.7383116622996,123.42523425234253],[301.20061791798963,121.14521145211454],[301.65283751056955,119.32119321193214],[304.10471561408883,116.58516585165853],[304.4862758953281,118.16918169181693]]],[[[319.5579070042807,116.63316633166333],[317.69956711602265,119.40919409194093],[316.9223146912759,118.97718977189774],[318.4909514030375,116.44116441164414],[319.5579070042807,116.63316633166333]]],[[[306.1820993675028,113.04913049130492],[305.55323149657136,114.54514545145453],[303.56770484790013,114.76114761147613],[304.83250652089714,112.80912809128093],[306.1820993675028,113.04913049130492]]],[[[307.07947262152857,116.32916329163294],[305.99838515801724,119.56919569195693],[305.4543084606945,118.60918609186093],[306.4223410260609,115.32115321153213],[308.59864781535174,112.42512425124252],[307.07947262152857,116.32916329163294]]],[[[299.24335499385467,106.34506345063453],[297.0034548243573,107.83307833078332],[297.3850151055966,106.29706297062972],[299.24335499385467,106.34506345063453]]],[[[300.6565412206669,105.23305233052332],[303.78674871305606,107.87307873078733],[304.0481881650163,109.24109241092413],[307.5528900075107,107.76107761077613],[304.38735285945125,111.45711457114572],[303.0377600128456,111.26511265112653],[302.54314483346127,112.68112681126813],[296.6713560610564,116.50516505165054],[297.55459745281405,112.88112881128812],[299.6602449307643,111.20911209112093],[298.61448712292326,110.66510665106652],[300.3739039753045,108.60108601086013],[300.6565412206669,105.23305233052332]]],[[[317.21201786777243,101.52901529015291],[314.053546650847,103.65703657036572],[312.082151864444,103.62503625036251],[317.3886661461239,100.92100921009211],[317.21201786777243,101.52901529015291]]],[[[326.36946461751575,98.96898968989692],[323.92465244513056,100.80900809008091],[320.285697911089,100.94500945009452],[319.62856631562136,99.86499864998652],[326.36946461751575,98.96898968989692]]],[[[272.13844316359575,126.91326913269134],[271.0008282510119,127.54527545275454],[270.4426196914211,126.00126001260014],[267.71517027367344,126.75326753267534],[268.9587741532682,128.00928009280094],[267.14989578294853,127.93727937279374],[266.6976761903686,125.94525945259454],[265.2562262390201,125.15325153251534],[266.72593991490487,124.49724497244974],[267.5031923396516,122.60122601226014],[267.35480778583633,119.72119721197214],[261.84338150126854,117.64117641176414],[259.935580095072,117.55317553175533],[258.1832291738248,115.76915769157694],[255.38512044473657,116.32116321163213],[252.46689088636927,115.38515385153853],[251.79562742863345,112.84112841128413],[253.90834083771776,112.20112201122012],[254.66439546906233,107.51307513075132],[256.60752653092914,109.05709057090573],[259.83665705919515,110.16110161101612],[261.2215795614711,109.80109801098013],[268.5136204918224,111.23311233112332],[270.3083669998739,109.34509345093453],[271.82047626256303,109.92109921099212],[274.40660705762946,109.51309513095133],[275.3746396229958,110.24910249102493],[277.4520233764098,107.36907369073693],[277.1835179933155,104.59304593045931],[279.5859345788963,103.69703697036972],[279.9674948601356,102.58502585025852],[283.24608690634,100.06500065000651],[286.6377338506894,100.64100641006411],[288.94829333152745,99.54499544995451],[290.5381278366912,100.48100481004812],[291.1034023274161,98.88098880988811],[289.83860065441917,95.8889588895889],[289.5065018911183,92.8409284092841],[288.22050242471914,91.8329183291833],[291.88065475216285,90.6329063290633],[292.5024566919602,89.3048930489305],[295.7598509447625,88.9688896888969],[296.7632131657992,89.1368913689137],[298.3813113954992,86.9768697686977],[300.7130686697394,85.8008580085801],[302.1898482767582,87.2408724087241],[301.49738702562024,89.0328903289033],[304.3308254103788,89.4968949689497],[305.2211327332705,88.2968829688297],[310.7537568112404,88.5288852888529],[317.09189703849336,86.08886088860889],[319.3317972079908,86.2488624886249],[321.4798402727454,89.6008960089601],[322.6174551853293,89.5448954489545],[323.9034546517284,91.9449194491945],[326.34120089297954,91.8649186491865],[327.1679148356647,94.7769477694777],[324.9492124595695,97.1369713697137],[325.74059674658434,94.68894688946891],[319.2187423098458,92.6569265692657],[318.780654579534,93.6809368093681],[315.5868537069383,92.6889268892689],[314.10300816878544,93.7529375293753],[316.49129289209816,94.0889408894089],[314.15953561785796,98.78498784987852],[310.66189970649765,98.11298112981132],[310.37219653000113,99.72899728997291],[308.973142165457,99.73699736997371],[307.2773186932823,104.01704017040171],[303.5747707790342,101.78501785017852],[302.8399139410918,103.84903849038491],[299.8722228647861,102.60902609026091],[299.8722228647861,104.66504665046652],[296.4452462647664,102.94502945029451],[295.67505977115377,104.56904569045692],[296.0636859835271,107.42507425074253],[295.54080707960657,111.03311033110333],[297.1023778602341,111.98511985119853],[295.9576970165162,115.36915369153694],[296.2403342618786,117.41717417174173],[294.3890603047546,118.92918929189294],[292.48832482969215,118.57718577185773],[288.81404063998025,119.27319273192734],[287.4361840688383,121.12121121211214],[284.24238319624266,121.70521705217054],[281.5008019162269,120.55320553205533],[280.14414313848715,121.18521185211854],[274.87295851247745,120.61720617206174],[275.0425408596949,122.94522945229454],[270.9231030085372,123.39323393233934],[272.13844316359575,126.91326913269134]]]]}},{"type":"Feature","properties":{"ten_tinh":"Quảng Trị","density":135},"geometry":{"type":"MultiPolygon","coordinates":[[[[296.9822570309551,327.41927419274197],[293.08892897608735,332.3953239532396],[294.1346867839284,333.95533955339556],[291.435501090717,335.9873598735988],[290.2978861781331,335.05135051350516],[285.1892179682069,335.7633576335764],[284.15052609149984,336.73136731367316],[281.34535143127755,337.0833708337084],[281.6915820568465,338.7073870738708],[284.1434601603658,339.8513985139852],[284.5674160284095,341.9554195541956],[281.33828550014346,342.58742587425877],[280.1865387252915,345.3474534745348],[277.9113089001238,347.0514705147052],[279.3668907137404,348.8674886748868],[277.00686971496395,348.89948899489],[276.900880747953,346.7154671546716],[273.66468428855296,344.5954459544596],[272.34335516648355,342.4114241142412],[273.1700691091687,338.539385393854],[270.4002241046167,336.859368593686],[269.00823567120665,341.0274102741028],[267.6303791000647,340.7474074740748],[267.6303791000647,342.3554235542356],[265.99108307696247,343.6034360343604],[262.9668645515843,341.539415394154],[261.64553542951484,337.3073730737308],[262.5570405458087,335.18735187351876],[258.7697014579519,334.34734347343476],[257.06681205464315,329.7632976329764],[256.97495494990034,321.30721307213076],[255.52643906741778,320.27520275202755],[255.57590058535624,318.58718587185876],[256.8760319140235,318.48318483184835],[256.9608230876322,314.97114971149716],[258.79796518248816,315.39515395153956],[259.73066809218426,317.83517835178355],[262.3097329561166,317.92317923179235],[263.4968093866389,316.98716987169877],[266.2595884600568,318.67518675186756],[267.5879835132603,318.25918259182595],[268.16738986625336,315.53915539155395],[269.1142246382176,315.26715267152673],[269.7077628534787,312.93112931129315],[271.33292701431276,313.29913299132994],[272.1172453701936,311.00311003110033],[275.4241011409342,309.50709507095075],[278.052627522805,306.86706867068676],[283.71950429232214,310.51510515105156],[283.88202070840555,314.3711437114371],[286.468151503472,318.17118171181716],[290.22016093565844,321.9472194721948],[296.9822570309551,327.41927419274197]]]]}},{"type":"Feature","properties":{"ten_tinh":"Sóc Trăng","density":396},"geometry":{"type":"Polygon","coordinates":[[[229.82764753283706,659.3425934259343],[234.09546993781007,664.4466444664447],[236.14458996668782,665.7826578265783],[242.52512578074513,672.0867208672088],[245.23137740509057,673.7747377473776],[242.94201571765473,677.3107731077312],[240.56786285661016,678.038780387804],[238.4834131720621,681.8628186281863],[239.7199511205228,683.6468364683648],[236.97130390937298,685.558855588556],[235.86901865245943,685.3908539085392],[225.62341850807064,688.7748877488776],[222.50734287794964,690.038900389004],[221.79368383340946,685.4948549485496],[224.08304552084527,684.2948429484296],[223.2068700602217,682.4308243082431],[221.99859583629723,684.0148401484016],[219.85761870267666,682.0388203882039],[216.6991474857513,683.5908359083592],[214.3461924181089,683.2788327883279],[213.49121475088748,682.1428214282143],[209.01848034302674,680.1268012680127],[209.5342933158132,674.878748787488],[209.08913965436733,673.6387363873639],[210.50939181231365,672.238722387224],[214.9679943579063,671.3827138271383],[216.52956513853383,669.9426994269944],[223.24926564702605,665.8146581465816],[224.78257270311735,657.7825778257784],[225.83539644209247,656.718567185672],[229.82764753283706,659.3425934259343]]]}},{"type":"Feature","properties":{"ten_tinh":"Sơn La","density":86},"geometry":{"type":"Polygon","coordinates":[[[131.56174325144744,83.9688396883969],[132.30366602052385,85.5128551285513],[136.8753234642615,85.5048550485505],[139.72995964242222,86.8728687286873],[142.99441982635852,86.2328623286233],[144.548924675852,86.6168661686617],[145.65120993276554,85.3768537685377],[151.49473498063418,86.3768637686377],[149.09938432618742,88.8728887288873],[148.51291204206035,91.4409144091441],[149.3042963290752,92.69692696926971],[148.7743514940206,95.36095360953611],[151.05664725032238,98.36898368983691],[151.84803153733725,97.8809788097881],[155.31740372416132,99.99299992999931],[155.3739311732338,100.83300833008332],[158.0165894173727,101.18501185011851],[160.58152241903696,98.17698176981771],[163.40789487266144,97.71297712977132],[166.13534429040908,99.67299672996731],[168.00781604093532,99.92099920999212],[168.21979397495716,98.84098840988412],[170.29717772837114,98.52898528985291],[171.04616642858164,101.21701217012172],[172.39575927518734,102.52102521025212],[174.11278054076422,102.13702137021372],[175.54716456097864,103.32103321033212],[175.41997780056553,105.58505585055852],[176.5222630574791,108.27308273082733],[176.02058194696076,111.16911169111692],[178.87521812512148,113.06513065130653],[175.97818636015637,114.83314833148333],[176.70597726696468,117.21717217172173],[180.203613178325,121.98521985219854],[181.92770037503595,123.24123241232414],[183.29849101504382,126.25726257262575],[182.95226038947482,127.76927769277694],[184.15346868226524,128.46528465284655],[182.61309569503987,130.81730817308176],[182.9027988715364,132.27332273322736],[177.35604293129833,130.09730097300974],[175.62488980345333,130.74530745307456],[175.71674690819611,135.83335833358336],[173.94319819354675,136.52136521365216],[173.57576977457558,139.06539065390655],[170.62927649167202,139.63339633396336],[169.7601669621825,138.15338153381535],[167.92302486732657,138.47338473384735],[165.71845435349945,135.71335713357135],[162.319741478016,132.59332593325934],[160.1151709641889,133.36933369333696],[158.97755605160503,132.73732737327376],[158.39108376747797,130.09730097300974],[156.63873284623077,128.51328513285134],[155.33153558642942,128.68128681286814],[150.85173524743462,125.52925529255295],[151.30395484001454,124.88924889248894],[148.62596694020533,122.20122201222014],[147.5731432012302,123.60923609236094],[146.8453522944219,121.96121961219613],[144.25922149935548,120.74520745207454],[141.47524463253535,121.06521065210654],[140.25283854634276,119.67319673196734],[137.7161692692148,121.05721057210573],[136.69867518590996,123.42523425234253],[133.9429620436261,122.85722857228573],[132.59336919702037,123.82523825238253],[130.3676008897911,123.20123201232013],[128.16303037596398,125.41725417254175],[126.24109710749933,125.21725217252174],[124.56647142872681,128.20928209282096],[125.38611944027792,130.95330953309534],[122.62334036685998,131.69731697316976],[122.70813154046871,134.96134961349614],[120.19266005674291,135.29735297352974],[119.42953949426429,133.40933409334096],[116.05202441218302,131.16931169311695],[111.77007014494191,130.69730697306974],[109.6926863915279,127.07327073270734],[108.60453299688248,128.49728497284974],[105.80642426779423,129.16129161291616],[98.38013064589586,126.33726337263374],[97.87844953537751,123.80923809238094],[101.29836020426316,123.18523185231854],[101.77177759024525,121.09721097210974],[100.7613494380745,115.44915449154493],[102.549030014992,113.86513865138653],[105.74283088758767,115.56915569155693],[107.80608277873355,115.16115161151613],[106.52714924346847,111.16911169111692],[108.20177492224099,110.38510385103852],[107.98273105708509,103.16103161031612],[105.34713874408024,102.30502305023052],[106.04666592635232,100.75300753007531],[103.6442493407715,97.8249782497825],[106.31517130944664,97.05697056970571],[108.65399451482091,97.29697296972971],[109.4948403197742,93.3449334493345],[112.22228973752183,92.24892248922491],[112.37067429133711,90.72090720907211],[114.22194824846116,87.5048750487505],[113.45882768598254,86.6088660886609],[116.09441999898739,84.84084840848409],[114.15128893712055,80.8648086480865],[112.47666325834804,75.97675976759768],[110.44874102287247,73.44073440734408],[111.27545496555763,70.63270632706327],[112.63917967443145,67.98467984679847],[116.27106827733891,68.54468544685447],[118.68761672518787,69.54469544695448],[120.17146226334073,73.07273072730729],[122.05806587613507,75.12075120751209],[120.8144619965403,77.83277832778329],[123.75388934830977,78.62478624786249],[125.92313020646657,82.00882008820089],[127.31511863987663,81.8648186481865],[127.58362402297097,83.65683656836569],[129.6398099829828,84.5928459284593],[131.56174325144744,83.9688396883969]]]}},{"type":"Feature","properties":{"ten_tinh":"Tây Ninh","density":277},"geometry":{"type":"Polygon","coordinates":[[[252.33263819482212,573.189731897319],[254.12031877173962,578.1497814978151],[251.44939680306447,579.6217962179622],[251.03250686615485,581.7978179781799],[248.4393101399544,583.829838298383],[247.85990378696135,586.3178631786319],[246.32659673087005,589.1738917389175],[247.7397829576823,591.8619186191863],[247.51367316139235,593.6139361393615],[248.75021110985307,594.2859428594287],[249.28015594490768,596.669966699667],[251.24448480017668,597.4619746197462],[252.0994624673981,599.0779907799079],[251.0607705906911,601.2140121401214],[250.41777085749152,605.2140521405215],[247.75391481995044,606.0060600606007],[244.8992786417897,604.4460444604447],[243.78992745374208,606.5260652606527],[242.15063143063986,606.2860628606287],[238.7519185551564,607.3820738207382],[238.41275386072147,606.4860648606486],[240.44774202733112,606.7980679806799],[239.76234670732717,603.3020330203303],[238.1513144087612,600.7580075800759],[235.84782085905724,602.2620226202263],[234.86565643142274,600.7500075000751],[231.72131707676547,598.7339873398735],[231.4457457625371,596.6379663796639],[228.5981755155104,596.0219602196023],[226.47839617529203,593.989939899399],[226.40067093281738,592.1819218192182],[224.42927614641428,592.0779207792078],[225.13586925982042,588.4538845388455],[224.5352651134252,587.2698726987271],[226.11803368745493,584.229842298423],[224.7755067719833,583.429834298343],[225.2842538136357,579.9737997379974],[224.16077076331996,578.3577835778359],[221.9844639740291,578.1817818178182],[221.77955197114133,575.7177571775718],[225.17119891549072,572.9817298172983],[228.55577992870604,574.7897478974791],[231.26909748418558,570.4457044570446],[231.3538886577943,568.6056860568607],[234.15199738688256,568.1816818168182],[236.08099658648126,569.6936969369694],[238.1725122021634,570.0617006170063],[239.80474229413153,569.3256932569326],[242.9137519931185,570.6457064570646],[245.06886098900716,573.0137301373014],[248.91979345707054,571.8377183771838],[252.33263819482212,573.189731897319]]]}},{"type":"Feature","properties":{"ten_tinh":"Thái Bình","density":1128},"geometry":{"type":"MultiPolygon","coordinates":[[[[260.5785798282716,137.02537025370256],[260.31714037631133,138.64138641386415],[258.1761632426908,140.36940369403695],[259.3349759486768,146.15346153461536],[258.40227303898075,149.61749617496176],[258.8898222872309,153.13753137531378],[257.7098117878427,154.15354153541537],[255.87973562412085,152.30552305523057],[253.4490553140038,153.54553545535458],[251.11023210862953,152.85752857528578],[246.9554646018015,149.31349313493138],[243.99483945662985,151.66551665516658],[242.7653674393032,150.92950929509297],[244.21388332178574,149.18549185491858],[243.8181911782783,148.04948049480495],[241.28152190115034,147.68147681476816],[241.39457679929532,144.72144721447216],[239.5927643601097,144.12144121441216],[238.9709624203123,141.06541065410656],[237.1479521877245,139.66539665396655],[236.48375466112276,137.48937489374896],[236.02446913740877,136.20936209362097],[237.62843550484067,135.39335393353934],[241.49349983517217,136.25736257362576],[241.14726920960317,135.58535585355855],[243.59914731312242,134.16934169341695],[246.99786018860587,132.84932849328496],[247.5419368859286,133.37733377333774],[250.16339733666533,131.81731817318175],[249.88076009130288,133.94533945339455],[251.6967043927566,135.31335313353136],[253.18054993090948,138.32138321383215],[255.51230720514968,138.17738177381776],[259.4833605024921,136.39336393363936],[260.5785798282716,137.02537025370256]]]]}},{"type":"Feature","properties":{"ten_tinh":"Thái Nguyên","density":348},"geometry":{"type":"Polygon","coordinates":[[[235.44506278441577,72.21672216722168],[236.858249011228,72.88072880728808],[235.26841450606423,78.0887808878089],[236.1304581044197,79.97679976799769],[242.08703805043334,83.0088300883009],[241.5076316974403,85.0328503285033],[239.86126974320402,86.7288672886729],[239.56450063557347,88.7448874488745],[238.46221537865992,87.7048770487705],[234.51235987471966,88.0408804088041],[232.23713004955195,90.8569085690857],[233.38887682440395,91.3849138491385],[232.74587709120436,93.0569305693057],[232.72467929780217,93.0809308093081],[232.91545943842183,96.7929679296793],[231.9191631485192,99.09699096990971],[228.8596149674707,97.1449714497145],[227.71493412375276,100.26500265002652],[226.4289346573536,100.04900049000491],[225.81419864869028,102.47302473024732],[224.47167173321864,102.41702417024172],[223.8428038622872,100.00900009000091],[221.2001456181483,99.58499584995852],[220.47235471134,100.84900849008491],[218.76239937689718,98.05698056980572],[214.14128041522113,96.0089600896009],[209.58375483375164,90.4169041690417],[208.88422765147956,90.2409024090241],[206.73618458672496,88.0488804888049],[205.80348167702886,84.1448414484145],[208.0928433644647,80.70480704807049],[206.64432748198215,80.1288012880129],[206.6867230687865,77.52077520775208],[208.2553597805481,76.68876688766889],[207.77487646343195,75.28075280752809],[209.39297469313198,73.68073680736808],[209.5342933158132,71.24071240712408],[210.4457984321071,71.20871208712089],[211.18065527004947,68.80868808688088],[214.60056593893512,67.62467624676248],[214.88320318429754,66.84866848668487],[218.91078393071246,68.60868608686087],[219.9989373253579,71.54471544715449],[219.29234421195176,78.15278152781529],[221.22840934268456,78.7127871278713],[221.8926068692863,76.89676896768968],[225.1570670532226,76.13676136761369],[230.82394382273972,72.48872488724888],[231.9403609419214,70.90470904709048],[235.44506278441577,72.21672216722168]]]}},{"type":"Feature","properties":{"ten_tinh":"Thanh Hoá","density":317},"geometry":{"type":"MultiPolygon","coordinates":[[[[208.92662323828392,150.04150041500418],[209.89465580365032,152.24952249522497],[211.46329251541192,152.43352433524336],[214.06355517274645,154.45754457544578],[218.42323468246224,158.80158801588018],[220.90337651051772,159.54559545595458],[227.09313218395536,162.84162841628418],[228.86668089860476,164.62564625646257],[234.16612924915069,164.62564625646257],[233.22636040832052,167.689676896769],[231.93329501078733,169.369693696937],[228.8030875183982,171.4577145771458],[229.08572476376065,173.36973369733698],[227.51708805199905,176.2737627376274],[227.51708805199905,178.84978849788502],[225.8495283043606,181.5458154581546],[224.91682539466453,181.169811698117],[222.92423281485924,184.4818448184482],[221.46158507010855,192.69792697926982],[221.79368383340946,195.77795777957783],[220.40876133113343,197.15397153971543],[222.03392549196752,201.42601426014264],[221.39092575876796,202.71402714027144],[218.69174006555656,202.20202202022023],[218.4303006135963,201.16201162011623],[215.6745874713124,202.10602106021062],[212.67863267047045,198.27398273982743],[211.2866442370604,198.87398873988744],[207.86673356817474,194.22594225942262],[205.9236025063079,195.16995169951701],[202.242252385462,194.93794937949383],[198.92126475245323,190.91390913909143],[197.01346334625669,193.70593705937063],[195.81932098460032,190.9939099390994],[196.40579326872742,189.34589345893463],[195.45895849676322,185.64985649856501],[190.87316919075747,183.37783377833782],[190.76011429261249,181.5778157781578],[189.4458511016771,180.5858058580586],[189.11375233837623,177.4817748177482],[190.15244421508322,175.0017500175002],[191.8694654806601,174.8417484174842],[191.31125692106926,172.23372233722338],[187.44619259073778,170.87370873708738],[185.09323752309538,170.81770817708178],[179.02360267893678,168.089680896809],[180.1117560735822,165.88165881658819],[182.6484253507102,163.23363233632338],[179.27797619976297,160.93760937609377],[179.55354751399136,160.08160081600818],[176.66358168016032,160.889608896089],[172.12018796095896,158.0575805758058],[169.66124392630564,158.00958009580097],[166.81367367927896,156.38556385563857],[164.55964164751342,155.8975589755898],[164.9623997221549,149.88149881498816],[167.89476114279034,148.04148041480417],[169.26555178279818,148.24948249482497],[166.6794209877318,144.54544545445455],[165.18850951844487,145.14545145451456],[163.8106529473029,147.38547385473856],[160.45433565862385,147.55347553475536],[160.32714889821074,148.54548545485457],[157.47957865118406,149.84949849498497],[154.65320619755957,148.52948529485298],[155.06303020333513,146.89746897468976],[153.5155912849757,145.84145841458417],[153.9748768086897,143.88143881438816],[157.66329286066966,142.53742537425376],[160.23529179346792,140.81740817408175],[161.14679690976186,138.41738417384175],[163.95197156998415,138.04938049380496],[165.71845435349945,135.71335713357135],[167.92302486732657,138.47338473384735],[169.7601669621825,138.15338153381535],[170.62927649167202,139.63339633396336],[173.57576977457558,139.06539065390655],[173.94319819354675,136.52136521365216],[175.71674690819611,135.83335833358336],[178.14036128717913,134.91334913349135],[181.09392050121673,136.95336953369537],[181.16457981255732,137.94537945379454],[184.06161157752243,140.36940369403695],[186.9303796179513,139.52939529395294],[190.33615842456882,141.16941169411697],[191.06394933137713,142.46542465424656],[193.91858550953788,143.01743017430175],[195.7345298109916,145.49745497454975],[195.36003546088637,146.49746497464977],[199.56426448565279,148.65748657486577],[202.3341094902048,149.49749497494977],[203.28801019330305,148.84948849488498],[207.06121741889177,150.12950129501297],[208.92662323828392,150.04150041500418]]]]}},{"type":"Feature","properties":{"ten_tinh":"Thừa Thiên Huế","density":235},"geometry":{"type":"Polygon","coordinates":[[[335.46331798705256,353.3555335553356],[332.3401764257975,354.5635456354564],[328.90613389464374,354.8835488354884],[325.61340998617123,353.2115321153212],[324.1013007234821,354.3875438754388],[321.9673895209956,353.1155311553116],[320.27156604882094,354.0355403554036],[319.3247312768567,358.0275802758028],[317.52998476880515,360.8036080360804],[315.40313949745274,360.3476034760348],[312.0044266219693,363.8436384363844],[308.04750518689497,361.7716177161772],[308.05457111802906,360.4916049160492],[304.88196803883557,361.459614596146],[304.3802869283172,363.0756307563076],[301.7729583398486,361.6276162761628],[300.76253018767784,362.3876238762388],[299.5471900326193,359.5955959559596],[294.5727745142402,360.9316093160932],[291.99370965030784,357.819578195782],[290.14950162431785,356.419564195642],[287.74001910760296,356.539565395654],[286.07952529109855,355.3955539555396],[285.37293217769246,353.1235312353124],[285.662635354189,350.5875058750588],[282.3840433079846,348.339483394834],[279.3668907137404,348.8674886748868],[277.9113089001238,347.0514705147052],[280.1865387252915,345.3474534745348],[281.33828550014346,342.58742587425877],[284.5674160284095,341.9554195541956],[284.1434601603658,339.8513985139852],[281.6915820568465,338.7073870738708],[281.34535143127755,337.0833708337084],[284.15052609149984,336.73136731367316],[285.1892179682069,335.7633576335764],[290.2978861781331,335.05135051350516],[291.435501090717,335.9873598735988],[294.1346867839284,333.95533955339556],[293.08892897608735,332.3953239532396],[296.9822570309551,327.41927419274197],[302.74805683634906,332.0353203532036],[307.79313166606875,335.619356193562],[310.33686687433084,336.6513665136652],[315.0427770096156,340.1634016340164],[320.78737902160736,345.259452594526],[325.04813549544633,348.1314813148132],[326.9135413148385,348.2114821148212],[327.323365320614,346.8754687546876],[330.43237501960095,352.4435244352444],[327.93810132927734,350.9235092350924],[328.8920020323756,353.059530595306],[330.84219902537654,352.6915269152692],[335.46331798705256,353.3555335553356]]]}},{"type":"Feature","properties":{"ten_tinh":"Tiền Giang","density":693},"geometry":{"type":"Polygon","coordinates":[[[265.8426985231472,629.8462984629847],[268.93051042873196,634.0623406234063],[270.2306417573992,637.9423794237944],[268.0967305549127,639.0063900639008],[267.4607967528472,640.3984039840399],[267.7010384114053,644.5744457444575],[266.46450046294456,644.5104451044512],[262.8891393091096,642.3104231042312],[256.360218941237,640.8624086240864],[253.23707737998197,638.958389583896],[249.4921338789295,637.4943749437496],[245.26670706076087,638.39838398384],[244.46825684261196,637.9423794237944],[240.49013761413548,638.6543865438655],[237.56484212463414,640.0624006240063],[234.3427775275022,640.3264032640327],[232.38551460336726,639.3663936639367],[229.79231787716677,637.8943789437895],[227.12139590849162,640.1264012640128],[225.67994595714313,640.4704047040472],[223.0231558507361,639.39839398394],[222.0056617674313,638.2223822238224],[221.9491343183588,635.9103591035911],[223.32699088950073,636.1343613436135],[224.04771586517498,634.1023410234103],[227.96930764457898,629.9422994229943],[228.01170323138334,627.9422794227943],[235.62877699390134,628.5902859028591],[235.58638140709698,626.0462604626047],[244.4258612558076,625.4942549425496],[246.00156389870324,626.3102631026311],[248.3827826908819,628.8382883828839],[248.3827826908819,630.2143021430215],[249.9867490583138,629.9822998229984],[252.41036343729678,632.0463204632047],[250.5096279622343,633.0223302233023],[253.65396731689157,634.6463464634647],[256.0210542468021,632.8863288632887],[257.42717454248026,633.9023390233904],[260.59977762167375,632.0463204632047],[261.24277735487334,630.6703067030671],[263.3060292460192,632.5743257432575],[265.8426985231472,629.8462984629847]]]}},{"type":"Feature","properties":{"ten_tinh":"TP.Hồ Chí Minh","density":4025},"geometry":{"type":"MultiPolygon","coordinates":[[[[270.7676525235879,610.3261032610327],[271.5661027417368,613.1101311013111],[272.7178495165888,614.4221442214423],[272.47054192689666,616.7821678216783],[269.96920230543896,616.1821618216183],[267.319478130166,618.1101811018111],[266.8107310885136,620.2862028620287],[270.13878465265645,623.5102351023511],[272.46347599576256,622.5422254222543],[274.27942029721635,624.4942449424495],[277.69933096610197,625.8782587825879],[277.9607704180622,628.2782827828279],[279.0983853306461,628.5262852628528],[278.1939461454863,631.0463104631048],[277.15525426877923,630.6543065430656],[275.9823097005251,633.118331183312],[277.08459495743864,634.1663416634167],[272.67545392978445,635.6063560635607],[272.07484978338925,637.2623726237264],[270.2306417573992,637.9423794237944],[268.93051042873196,634.0623406234063],[265.8426985231472,629.8462984629847],[266.46450046294456,628.5262852628528],[265.61658872685723,623.3742337423375],[263.4402819375664,622.1822218222183],[261.313436666214,623.6702367023671],[259.6529428497096,622.0142201422015],[257.34238336887154,622.4782247822479],[255.55470279195404,618.9181891818919],[252.95444013461952,617.2701727017271],[254.64319767566013,615.9421594215943],[256.3178233544327,610.3341033410335],[252.37503378162648,608.4140841408415],[250.36124340841903,606.8540685406855],[248.5452991069653,607.0860708607087],[247.75391481995044,606.0060600606007],[250.41777085749152,605.2140521405215],[251.0607705906911,601.2140121401214],[252.0994624673981,599.0779907799079],[252.4244952995649,597.9259792597927],[255.87973562412085,599.7899978999791],[255.3780545136025,600.8540085400855],[256.8477681894873,603.2860328603286],[259.4268330534196,603.4460344603447],[260.1404920979598,606.0540605406055],[261.65966729178297,606.5500655006551],[261.7727221899279,608.7580875808759],[263.4402819375664,609.3900939009391],[263.631062078186,611.3181131811319],[265.01598458046203,610.5901059010591],[267.11456612727824,611.8941189411895],[269.27674105430094,611.6861168611687],[270.7676525235879,610.3261032610327]]]]}},{"type":"Feature","properties":{"ten_tinh":"Trà Vinh","density":441},"geometry":{"type":"Polygon","coordinates":[[[259.27844849960434,663.3906339063392],[257.58262502742963,666.0306603066032],[258.33867965877414,669.8466984669848],[257.53316350949115,671.918719187192],[254.6149339511239,675.0627506275064],[250.41777085749152,676.4707647076472],[247.12504694901898,673.9587395873959],[245.23137740509057,673.7747377473776],[242.52512578074513,672.0867208672088],[236.14458996668782,665.7826578265783],[234.09546993781007,664.4466444664447],[229.82764753283706,659.3425934259343],[230.03255953572486,658.4385843858439],[234.80912898235024,655.59855598556],[236.1304581044197,656.6945669456695],[237.02783135844547,655.6065560655608],[237.1832818433948,652.5665256652568],[239.76941263846123,652.518525185252],[240.95648906898353,653.5585355853559],[242.25662039765078,649.8064980649807],[244.54598208508662,651.3105131051311],[245.5705420995255,652.6145261452615],[254.2121758764824,657.9505795057952],[259.27844849960434,663.3906339063392]]]}},{"type":"Feature","properties":{"ten_tinh":"Tuyên Quang","density":131},"geometry":{"type":"Polygon","coordinates":[[[206.78564610466339,37.720377203772046],[208.38961247209528,37.73637736377364],[210.00064477066124,41.36041360413605],[211.2089189945857,42.192421924219246],[211.5198199644844,44.94444944449445],[209.76040311210315,46.240462404624054],[209.32938131292542,48.592485924859254],[207.80314018796818,49.272492724927254],[207.48517328693544,51.97651976519766],[206.050789266721,53.45653456534566],[206.4323495479603,54.62454624546246],[203.82502095949172,56.304563045630466],[203.66957047454238,58.67258672586727],[205.4501851203258,61.19261192611927],[206.4888769970328,61.31261312613127],[205.15341601269523,63.43263432634327],[205.15341601269523,65.49665496654967],[206.37582209888782,66.96066960669607],[207.1106789368302,69.49669496694968],[209.5342933158132,71.24071240712408],[209.39297469313198,73.68073680736808],[207.77487646343195,75.28075280752809],[208.2553597805481,76.68876688766889],[206.6867230687865,77.52077520775208],[206.64432748198215,80.1288012880129],[208.0928433644647,80.70480704807049],[205.80348167702886,84.1448414484145],[206.73618458672496,88.0488804888049],[208.88422765147956,90.2409024090241],[207.80314018796818,92.2169221692217],[203.2102849508284,94.0329403294033],[200.61002229349384,92.6809268092681],[198.51144074667766,93.5689356893569],[195.7345298109916,91.4889148891489],[194.19415682376626,86.0488604886049],[191.50203706168892,84.6488464884649],[190.5057407717863,84.89684896848969],[187.16355534537533,83.08883088830889],[185.71503946289278,81.7528175281753],[187.77829135403866,78.4327843278433],[183.65885350288096,74.08874088740889],[183.87789736803686,72.34472344723449],[182.51417265916302,72.56872568725689],[182.90986480267046,67.04867048670488],[181.2069753993617,67.68067680676808],[180.18948131605688,66.53666536665368],[177.57508679645423,65.64065640656408],[176.55052678201534,64.34464344643447],[175.80153808180484,59.97659976599767],[178.07676790697258,59.95259952599527],[179.1083938525455,57.248572485724864],[177.85065811068262,55.67255672556726],[179.27797619976297,54.672546725467264],[178.09796570037474,53.50453504535046],[178.20395466738566,51.816518165181655],[180.57810752843025,53.19253192531926],[182.0619530665831,53.05653056530566],[183.6305897783447,55.944559445594464],[185.22749021464253,54.88054880548806],[185.89875367237835,52.75252752527526],[184.97311669381634,51.76851768517686],[187.14235755197313,51.32851328513286],[186.47816002537138,50.176501765017655],[187.78535728517272,48.696486964869656],[187.23421465671592,47.368473684736855],[188.54847784765133,46.632466324663255],[188.16691756641202,44.824448244482454],[189.07135675157184,42.792427924279245],[188.52728005424913,40.68040680406805],[189.74968614044172,38.21638216382164],[190.62586160106534,38.24838248382484],[189.25507096105744,35.90435904359044],[190.11711455941293,34.66434664346644],[196.56124375367676,37.48837488374884],[197.84017728894185,38.77638776387764],[198.71635274956543,37.50437504375044],[204.93437214753934,38.96038960389605],[206.78564610466339,37.720377203772046]]]}},{"type":"Feature","properties":{"ten_tinh":"Vĩnh Long","density":687},"geometry":{"type":"Polygon","coordinates":[[[244.54598208508662,651.3105131051311],[242.25662039765078,649.8064980649807],[240.95648906898353,653.5585355853559],[239.76941263846123,652.518525185252],[237.1832818433948,652.5665256652568],[237.02783135844547,655.6065560655608],[236.1304581044197,656.6945669456695],[234.80912898235024,655.59855598556],[230.03255953572486,658.4385843858439],[229.82764753283706,659.3425934259343],[225.83539644209247,656.718567185672],[223.32699088950073,654.5745457454575],[220.6207392651553,650.678506785068],[215.59686222883775,647.2944729447295],[217.75197122472642,643.878438784388],[221.26373899835485,646.2624626246263],[224.56352883796146,646.3184631846319],[224.83910015218984,644.6304463044631],[226.9094179744698,643.5904359043591],[224.87442980786014,641.0224102241024],[225.67994595714313,640.4704047040472],[227.12139590849162,640.1264012640128],[229.79231787716677,637.8943789437895],[232.38551460336726,639.3663936639367],[233.02851433656681,641.9424194241943],[236.61800735266993,642.6384263842639],[239.10521511185948,645.3264532645327],[241.5994888021831,647.0064700647007],[244.54598208508662,651.3105131051311]]]}},{"type":"Feature","properties":{"ten_tinh":"Vĩnh Phúc","density":863},"geometry":{"type":"Polygon","coordinates":[[[220.47235471134,100.84900849008491],[219.3559375921583,103.61703617036171],[217.5187954973024,105.56105561055612],[217.55412515297272,107.48907489074892],[214.84080759749318,106.79306793067931],[212.44545694304642,108.52108521085212],[212.56557777232547,109.93709937099372],[209.8239964923097,111.06511065110652],[206.5666022395075,110.66510665106652],[205.38659174011926,109.84909849098493],[204.04406482464762,105.52105521055212],[204.80718538712622,103.33703337033371],[201.72643941267552,100.45700457004571],[202.03027445144016,98.40098400984012],[200.86439581432006,97.1449714497145],[199.79037428194275,97.94497944979452],[198.51144074667766,93.5689356893569],[200.61002229349384,92.6809268092681],[203.2102849508284,94.0329403294033],[207.80314018796818,92.2169221692217],[208.88422765147956,90.2409024090241],[209.58375483375164,90.4169041690417],[214.14128041522113,96.0089600896009],[218.76239937689718,98.05698056980572],[220.47235471134,100.84900849008491]]]}},{"type":"Feature","properties":{"ten_tinh":"Yên Bái","density":116},"geometry":{"type":"Polygon","coordinates":[[[175.80153808180484,59.97659976599767],[176.55052678201534,64.34464344643447],[177.57508679645423,65.64065640656408],[180.18948131605688,66.53666536665368],[181.2069753993617,67.68067680676808],[182.90986480267046,67.04867048670488],[182.51417265916302,72.56872568725689],[183.87789736803686,72.34472344723449],[183.65885350288096,74.08874088740889],[187.77829135403866,78.4327843278433],[185.71503946289278,81.7528175281753],[187.16355534537533,83.08883088830889],[187.70056611156397,84.8888488884889],[184.5986223437111,83.9688396883969],[180.96673374080362,85.97685976859769],[177.69520762573327,88.4408844088441],[178.13329535604507,90.72090720907211],[176.76957064717124,91.8649186491865],[178.76922915811056,96.44896448964491],[177.38430665583456,101.68101681016812],[174.11278054076422,102.13702137021372],[172.39575927518734,102.52102521025212],[171.04616642858164,101.21701217012172],[170.29717772837114,98.52898528985291],[168.21979397495716,98.84098840988412],[168.00781604093532,99.92099920999212],[166.13534429040908,99.67299672996731],[163.40789487266144,97.71297712977132],[160.58152241903696,98.17698176981771],[158.0165894173727,101.18501185011851],[155.3739311732338,100.83300833008332],[155.31740372416132,99.99299992999931],[151.84803153733725,97.8809788097881],[151.05664725032238,98.36898368983691],[148.7743514940206,95.36095360953611],[149.3042963290752,92.69692696926971],[148.51291204206035,91.4409144091441],[149.09938432618742,88.8728887288873],[151.49473498063418,86.3768637686377],[145.65120993276554,85.3768537685377],[144.548924675852,86.6168661686617],[142.99441982635852,86.2328623286233],[139.72995964242222,86.8728687286873],[136.8753234642615,85.5048550485505],[132.30366602052385,85.5128551285513],[131.56174325144744,83.9688396883969],[131.28617193721905,82.2728227282273],[133.02439099619812,81.9928199281993],[133.70978631620204,80.60080600806009],[132.98199540939373,79.08079080790809],[130.0355021264902,75.83275832758329],[130.14149109350114,73.08873088730888],[132.60043512815446,73.19273192731929],[134.5576980522894,70.79270792707928],[135.81543379415228,73.17673176731768],[139.55331136407068,73.35273352733529],[144.45000163997514,74.67274672746728],[146.3154074593673,73.84873848738488],[145.474561654414,71.67271672716728],[150.78814186722806,73.20873208732088],[152.26492147424688,75.27275272752729],[155.66363434973033,72.36072360723608],[155.13368951467572,67.90467904679048],[153.41666824909885,65.77665776657767],[154.69560178436393,63.352633526335275],[153.6427780453888,60.416604166041665],[155.1195576524076,59.26459264592647],[162.2420162355413,64.79264792647928],[163.13232355843303,60.384603846038466],[165.16731172504268,60.62460624606247],[163.29483997451646,56.72856728567287],[164.11448798606756,54.93654936549366],[169.78843068671875,56.392563925639266],[169.85202406692528,59.24859248592487],[171.38533112301656,60.55260552605527],[175.80153808180484,59.97659976599767]]]}}]}